OrderID,OrderDate,ShipDate,ShipDelayDays,Region,Segment,SalesChannel,CustomerID,ProductID,Category,SubCategory,Quantity,UnitPrice,DiscountPct,Sales,Cost,Profit,ShippingCost,Returned,ReturnAmount,CustomerSatisfaction,OrderYear,OrderMonth
ORD-706292,2020-01-16,2020-01-19,3,West,Consumer,Online,C-53216,P-9418,Furniture,Tables,5,377.89,0.0498,1795.25,1393.25,402.0,31.61,0,0.0,4.96,2020,2020-01
ORD-759236,2020-01-21,2020-01-22,1,South,Consumer,Online,C-92129,P-2242,Furniture,Chairs,1,178.29,0.0439,170.47,141.35,29.12,26.38,0,0.0,4.12,2020,2020-01
ORD-287856,2020-01-29,2020-01-31,2,South,Small Business,Retail,C-23164,P-8948,Office Supplies,Binders,1,17.6,0.0227,17.2,12.41,4.79,9.52,0,0.0,4.57,2020,2020-01
ORD-924553,2020-02-12,2020-02-14,2,West,Small Business,Online,C-71458,P-8411,Furniture,Tables,3,299.32,0.0237,876.65,624.5,252.16,30.81,0,0.0,4.31,2020,2020-02
ORD-260959,2020-02-28,2020-03-01,2,East,Consumer,Online,C-51484,P-6060,Furniture,Chairs,2,180.69,0.0248,352.43,246.03,106.4,27.94,0,0.0,4.14,2020,2020-02
ORD-103412,2020-03-04,2020-03-09,5,South,Corporate,Partner,C-60256,P-7428,Technology,Accessories,2,38.31,0.1422,65.72,49.59,16.13,12.51,0,0.0,4.34,2020,2020-03
ORD-915531,2020-03-04,2020-03-05,1,West,Corporate,Retail,C-25158,P-4061,Furniture,Bookcases,4,231.32,0.0694,861.05,555.26,305.79,33.68,0,0.0,4.87,2020,2020-03
ORD-209057,2020-03-20,2020-03-22,2,West,Consumer,Retail,C-67968,P-4285,Furniture,Chairs,1,171.3,0.0276,166.57,131.21,35.36,30.84,0,0.0,4.94,2020,2020-03
ORD-592859,2020-04-05,2020-04-08,3,South,Consumer,Online,C-23658,P-2732,Office Supplies,Paper,1,11.74,0.0348,11.33,7.35,3.98,7.86,0,0.0,4.51,2020,2020-04
ORD-881366,2020-04-07,2020-04-07,0,North,Consumer,Online,C-85080,P-4962,Technology,Computers,2,771.56,0.0478,1469.33,1217.41,251.91,13.26,0,0.0,4.42,2020,2020-04
ORD-497796,2020-04-08,2020-04-15,7,West,Small Business,Retail,C-58816,P-6643,Technology,Computers,5,955.79,0.0419,4578.9,3897.18,681.72,14.86,0,0.0,3.74,2020,2020-04
ORD-609755,2020-04-15,2020-04-18,3,North,Consumer,Online,C-27024,P-9090,Technology,Accessories,3,47.53,0.0749,131.91,107.5,24.41,15.1,0,0.0,3.71,2020,2020-04
ORD-508041,2020-04-24,2020-04-26,2,South,Consumer,Online,C-70555,P-5824,Furniture,Chairs,3,154.22,0.0192,453.78,312.76,141.02,30.26,0,0.0,3.04,2020,2020-04
ORD-208356,2020-05-11,2020-05-15,4,North,Corporate,Online,C-98634,P-2379,Technology,Phones,1,550.3,0.1006,494.93,417.33,77.6,11.11,0,0.0,3.65,2020,2020-05
ORD-921830,2020-06-02,2020-06-12,10,North,Small Business,Online,C-49915,P-2904,Technology,Accessories,6,44.78,0.009,266.26,215.42,50.84,14.89,0,0.0,3.94,2020,2020-06
ORD-524375,2020-06-21,2020-06-23,2,North,Corporate,Online,C-10592,P-4845,Furniture,Chairs,1,154.46,0.0523,146.38,105.6,40.78,27.29,0,0.0,3.97,2020,2020-06
ORD-378380,2020-06-24,2020-06-27,3,East,Corporate,Online,C-25731,P-7742,Furniture,Bookcases,4,240.62,0.1598,808.64,598.29,210.35,29.86,0,0.0,3.99,2020,2020-06
ORD-421988,2020-06-24,2020-06-27,3,East,Corporate,Retail,C-77808,P-4053,Office Supplies,Paper,4,12.84,0.1413,44.12,30.83,13.29,10.51,0,0.0,3.85,2020,2020-06
ORD-473701,2020-06-28,2020-07-02,4,West,Consumer,Online,C-13749,P-2674,Technology,Phones,3,471.77,0.134,1225.66,926.21,299.45,12.73,0,0.0,4.22,2020,2020-06
ORD-305845,2020-07-04,2020-07-08,4,East,Consumer,Retail,C-68715,P-3340,Furniture,Bookcases,3,250.72,0.1042,673.82,545.73,128.09,28.51,0,0.0,4.86,2020,2020-07
ORD-755779,2020-07-07,2020-07-09,2,North,Corporate,Online,C-42267,P-6050,Furniture,Chairs,2,165.37,0.1026,296.81,229.4,67.41,31.69,0,0.0,4.77,2020,2020-07
ORD-453141,2020-07-09,2020-07-10,1,East,Consumer,Partner,C-19942,P-8666,Technology,Phones,3,472.19,0.1591,1191.14,777.12,414.03,11.95,0,0.0,3.99,2020,2020-07
ORD-775367,2020-07-12,2020-07-13,1,South,Consumer,Retail,C-74100,P-8736,Technology,Phones,5,522.26,0.0206,2557.62,2051.75,505.87,14.17,0,0.0,3.98,2020,2020-07
ORD-128979,2020-07-21,2020-07-31,10,West,Consumer,Online,C-82100,P-9336,Office Supplies,Paper,5,9.92,0.081,45.58,29.21,16.36,10.78,0,0.0,4.03,2020,2020-07
ORD-935556,2020-07-22,2020-07-25,3,South,Consumer,Retail,C-74167,P-6325,Furniture,Bookcases,4,229.09,0.0903,833.62,479.33,354.3,30.42,0,0.0,4.07,2020,2020-07
ORD-637577,2020-07-24,2020-07-29,5,West,Corporate,Online,C-62702,P-8931,Furniture,Bookcases,3,247.64,0.0917,674.76,475.74,199.02,30.81,0,0.0,4.27,2020,2020-07
ORD-800180,2020-07-28,2020-07-31,3,West,Consumer,Online,C-73945,P-1717,Technology,Accessories,3,44.5,0.0523,126.52,95.72,30.81,12.28,0,0.0,3.14,2020,2020-07
ORD-333495,2020-08-05,2020-08-07,2,North,Corporate,Partner,C-32329,P-5480,Technology,Accessories,4,47.07,0.1064,168.25,121.32,46.94,13.71,0,0.0,4.32,2020,2020-08
ORD-506820,2020-08-13,2020-08-16,3,East,Consumer,Online,C-97223,P-1437,Technology,Phones,6,507.23,0.0113,3008.84,2425.73,583.11,17.17,0,0.0,3.82,2020,2020-08
ORD-203986,2020-08-23,2020-08-25,2,East,Corporate,Online,C-61295,P-9327,Technology,Accessories,4,38.97,0.0783,143.66,126.15,17.51,14.2,0,0.0,4.19,2020,2020-08
ORD-950242,2020-09-02,2020-09-03,1,East,Corporate,Partner,C-83443,P-6994,Technology,Phones,5,414.89,0.134,1796.42,1430.7,365.72,13.31,0,0.0,4.77,2020,2020-09
ORD-368366,2020-09-04,2020-09-14,10,North,Consumer,Online,C-82562,P-1188,Furniture,Bookcases,2,240.07,0.0686,447.2,354.65,92.54,28.96,0,0.0,3.52,2020,2020-09
ORD-560249,2020-09-06,2020-09-09,3,East,Corporate,Online,C-86679,P-2505,Office Supplies,Paper,6,10.59,0.064,59.45,39.93,19.52,11.51,0,0.0,4.87,2020,2020-09
ORD-774360,2020-09-08,2020-09-09,1,South,Corporate,Online,C-99757,P-3384,Furniture,Bookcases,5,252.48,0.0652,1180.09,892.17,287.93,35.15,0,0.0,3.51,2020,2020-09
ORD-564558,2020-09-15,2020-09-25,10,West,Consumer,Online,C-90835,P-1961,Furniture,Tables,6,348.98,0.0364,2017.69,1291.43,726.26,33.63,0,0.0,3.68,2020,2020-09
ORD-877110,2020-09-25,2020-09-28,3,North,Small Business,Retail,C-41941,P-5668,Technology,Accessories,2,39.68,0.0267,77.25,58.92,18.34,15.74,0,0.0,3.67,2020,2020-09
ORD-592173,2020-10-02,2020-10-05,3,North,Small Business,Online,C-17418,P-8667,Furniture,Chairs,3,208.86,0.1108,557.18,421.63,135.55,29.74,0,0.0,4.64,2020,2020-10
ORD-730120,2020-10-02,2020-10-06,4,South,Small Business,Retail,C-60700,P-1060,Technology,Accessories,3,49.88,0.0292,145.27,138.01,7.26,11.67,0,0.0,3.98,2020,2020-10
ORD-592136,2020-10-04,2020-10-06,2,North,Consumer,Online,C-32870,P-8415,Technology,Computers,1,819.33,0.0296,795.08,556.04,239.04,10.8,0,0.0,4.18,2020,2020-10
ORD-704746,2020-10-05,2020-10-08,3,North,Consumer,Online,C-57705,P-1013,Office Supplies,Binders,1,17.15,0.0283,16.67,10.86,5.81,10.05,0,0.0,4.35,2020,2020-10
ORD-256357,2020-10-10,2020-10-12,2,North,Consumer,Retail,C-26148,P-5698,Technology,Accessories,2,43.05,0.0095,85.28,70.59,14.69,13.56,0,0.0,4.53,2020,2020-10
ORD-564007,2020-10-13,2020-10-16,3,South,Small Business,Online,C-15452,P-6263,Technology,Computers,4,1071.0,0.0475,4080.67,3438.37,642.29,12.56,0,0.0,4.05,2020,2020-10
ORD-140090,2020-10-16,2020-10-18,2,South,Consumer,Online,C-42534,P-9255,Furniture,Chairs,7,176.02,0.1211,1082.93,814.42,268.51,30.82,0,0.0,3.41,2020,2020-10
ORD-492212,2020-10-29,2020-10-30,1,North,Consumer,Online,C-39938,P-6599,Furniture,Bookcases,4,271.78,0.0547,1027.6,690.18,337.42,30.91,0,0.0,4.12,2020,2020-10
ORD-266350,2020-10-31,2020-11-01,1,West,Small Business,Online,C-69946,P-9676,Technology,Phones,4,534.7,0.1211,1879.85,1493.9,385.95,14.16,1,1006.35,3.37,2020,2020-10
ORD-293519,2020-10-31,2020-11-07,7,North,Small Business,Online,C-91037,P-6472,Office Supplies,Storage,4,30.86,0.073,114.42,76.31,38.11,10.19,0,0.0,4.21,2020,2020-10
ORD-770326,2020-11-04,2020-11-05,1,East,Corporate,Online,C-74372,P-5150,Furniture,Chairs,2,208.62,0.075,385.93,312.35,73.57,28.14,0,0.0,4.94,2020,2020-11
ORD-626899,2020-11-08,2020-11-09,1,North,Consumer,Online,C-29625,P-1431,Furniture,Chairs,1,167.62,0.0316,162.32,100.25,62.06,27.84,0,0.0,4.68,2020,2020-11
ORD-915008,2020-11-14,2020-11-18,4,South,Consumer,Online,C-90564,P-8950,Technology,Accessories,2,32.15,0.0278,62.5,53.99,8.51,11.45,0,0.0,3.78,2020,2020-11
ORD-407996,2020-11-18,2020-11-20,2,East,Consumer,Partner,C-75661,P-5329,Furniture,Chairs,3,174.93,0.0758,485.02,343.28,141.75,28.96,0,0.0,4.29,2020,2020-11
ORD-218872,2020-11-23,2020-11-26,3,East,Corporate,Partner,C-86153,P-3554,Office Supplies,Binders,3,13.69,0.1001,36.97,26.23,10.74,10.41,0,0.0,3.33,2020,2020-11
ORD-676588,2020-11-23,2020-11-25,2,East,Consumer,Retail,C-80768,P-6858,Furniture,Tables,5,260.4,0.0661,1215.94,896.52,319.43,29.79,1,1070.52,4.61,2020,2020-11
ORD-566186,2020-11-26,2020-11-28,2,South,Consumer,Online,C-98966,P-8761,Technology,Computers,2,792.3,0.0084,1571.28,1152.37,418.91,10.9,0,0.0,4.41,2020,2020-11
ORD-738319,2020-12-03,2020-12-05,2,East,Consumer,Retail,C-59710,P-8405,Technology,Accessories,4,49.94,0.0532,189.13,126.97,62.16,14.42,0,0.0,3.78,2020,2020-12
ORD-244773,2020-12-08,2020-12-10,2,North,Corporate,Online,C-56457,P-8923,Office Supplies,Binders,5,13.74,0.0912,62.42,43.82,18.6,11.57,0,0.0,2.95,2020,2020-12
ORD-331485,2020-12-15,2020-12-17,2,West,Consumer,Retail,C-89590,P-4046,Office Supplies,Storage,4,35.32,0.1479,120.38,81.21,39.17,10.14,0,0.0,4.54,2020,2020-12
ORD-622811,2020-12-27,2020-12-29,2,South,Consumer,Online,C-36577,P-9436,Technology,Computers,3,1089.17,0.0788,3010.04,2219.17,790.87,13.43,0,0.0,3.99,2020,2020-12
ORD-805865,2020-12-28,2020-12-30,2,South,Corporate,Online,C-53322,P-7584,Furniture,Chairs,5,175.48,0.0584,826.19,541.85,284.34,30.53,0,0.0,3.98,2020,2020-12
ORD-244388,2021-01-02,2021-01-09,7,East,Consumer,Retail,C-57712,P-3408,Technology,Accessories,3,39.0,0.0311,113.37,83.98,29.38,12.22,0,0.0,3.96,2021,2021-01
ORD-625517,2021-01-05,2021-01-09,4,South,Consumer,Online,C-20018,P-4136,Technology,Accessories,3,39.59,0.0013,118.6,99.02,19.58,11.53,0,0.0,3.56,2021,2021-01
ORD-559408,2021-01-24,2021-01-27,3,West,Corporate,Online,C-63072,P-4954,Office Supplies,Paper,3,10.48,0.0441,30.06,20.99,9.07,9.27,0,0.0,3.33,2021,2021-01
ORD-847222,2021-01-27,2021-01-30,3,South,Small Business,Online,C-43249,P-5268,Office Supplies,Storage,5,38.56,0.1462,164.62,109.65,54.97,10.94,0,0.0,4.06,2021,2021-01
ORD-425388,2021-01-29,2021-02-02,4,North,Consumer,Online,C-70338,P-9212,Office Supplies,Binders,3,15.97,0.0495,45.52,28.23,17.3,10.72,0,0.0,3.89,2021,2021-01
ORD-782576,2021-02-10,2021-02-13,3,South,Small Business,Online,C-16863,P-7053,Office Supplies,Binders,2,19.33,0.0655,36.14,23.55,12.58,12.07,0,0.0,3.98,2021,2021-02
ORD-671537,2021-02-25,2021-02-26,1,West,Consumer,Retail,C-89589,P-7547,Furniture,Bookcases,2,343.09,0.044,655.95,412.48,243.47,29.92,0,0.0,3.61,2021,2021-02
ORD-962269,2021-03-02,2021-03-03,1,North,Consumer,Retail,C-63505,P-4677,Office Supplies,Paper,3,12.76,0.0443,36.58,24.37,12.21,9.85,0,0.0,4.45,2021,2021-03
ORD-810638,2021-03-09,2021-03-12,3,East,Corporate,Retail,C-84200,P-8923,Office Supplies,Binders,5,16.38,0.068,76.33,41.73,34.61,10.41,0,0.0,3.77,2021,2021-03
ORD-840261,2021-03-10,2021-03-13,3,South,Consumer,Retail,C-15718,P-4612,Furniture,Tables,2,318.14,0.0642,595.44,479.36,116.08,27.73,0,0.0,3.23,2021,2021-03
ORD-206744,2021-03-11,2021-03-13,2,West,Consumer,Online,C-98723,P-4355,Office Supplies,Storage,5,33.43,0.0979,150.81,110.29,40.52,11.69,0,0.0,4.02,2021,2021-03
ORD-148719,2021-03-12,2021-03-14,2,East,Consumer,Online,C-93710,P-1111,Office Supplies,Paper,2,10.79,0.0392,20.73,13.67,7.06,11.15,0,0.0,4.7,2021,2021-03
ORD-903287,2021-03-23,2021-03-28,5,East,Consumer,Online,C-17235,P-5444,Office Supplies,Paper,2,11.44,0.0909,20.79,11.66,9.13,9.6,0,0.0,3.67,2021,2021-03
ORD-945815,2021-03-23,2021-03-26,3,East,Consumer,Retail,C-96297,P-1660,Technology,Computers,3,918.95,0.0711,2560.79,1826.2,734.59,12.68,0,0.0,3.34,2021,2021-03
ORD-921160,2021-03-28,2021-03-30,2,West,Corporate,Retail,C-74800,P-8298,Office Supplies,Storage,4,37.62,0.1382,129.67,85.94,43.73,10.45,0,0.0,4.22,2021,2021-03
ORD-938894,2021-04-01,2021-04-05,4,West,Consumer,Retail,C-31163,P-9510,Technology,Computers,3,1083.04,0.0984,2929.5,2258.09,671.41,12.18,0,0.0,3.91,2021,2021-04
ORD-284769,2021-04-04,2021-04-05,1,South,Consumer,Retail,C-67711,P-6596,Office Supplies,Storage,1,43.13,0.0565,40.69,25.26,15.43,8.33,0,0.0,3.92,2021,2021-04
ORD-833006,2021-04-15,2021-04-22,7,East,Consumer,Online,C-32468,P-4607,Technology,Phones,2,423.19,0.0442,808.96,635.72,173.24,13.01,1,666.48,2.99,2021,2021-04
ORD-368110,2021-04-20,2021-04-27,7,East,Corporate,Online,C-51022,P-3798,Furniture,Tables,4,283.8,0.0959,1026.35,786.53,239.81,31.96,0,0.0,3.38,2021,2021-04
ORD-302179,2021-04-21,2021-04-23,2,North,Small Business,Online,C-54998,P-1789,Furniture,Tables,2,326.15,0.005,649.07,486.36,162.71,29.66,0,0.0,4.86,2021,2021-04
ORD-542755,2021-04-24,2021-04-26,2,West,Corporate,Partner,C-53992,P-1923,Technology,Accessories,4,36.6,0.1671,121.94,97.11,24.83,13.32,1,77.94,3.76,2021,2021-04
ORD-803265,2021-04-25,2021-04-28,3,North,Consumer,Partner,C-14801,P-4305,Furniture,Tables,4,364.05,0.1195,1282.18,919.39,362.79,35.93,0,0.0,4.4,2021,2021-04
ORD-465062,2021-05-03,2021-05-04,1,East,Corporate,Online,C-94912,P-7426,Office Supplies,Paper,2,10.92,0.0947,19.77,10.26,9.51,10.36,0,0.0,3.61,2021,2021-05
ORD-674522,2021-05-11,2021-05-14,3,South,Consumer,Retail,C-32942,P-9827,Technology,Phones,5,547.5,0.0614,2569.43,1905.23,664.21,14.89,0,0.0,3.7,2021,2021-05
ORD-285933,2021-05-23,2021-05-30,7,North,Consumer,Retail,C-19607,P-9562,Office Supplies,Binders,2,18.6,0.079,34.27,24.7,9.57,9.21,0,0.0,4.29,2021,2021-05
ORD-486844,2021-05-27,2021-05-30,3,North,Corporate,Online,C-94468,P-5676,Technology,Computers,4,646.79,0.0425,2477.07,1820.18,656.89,13.92,0,0.0,4.3,2021,2021-05
ORD-626072,2021-05-28,2021-06-04,7,South,Consumer,Online,C-56971,P-4073,Furniture,Tables,4,296.81,0.099,1069.77,609.23,460.54,30.35,0,0.0,4.27,2021,2021-05
ORD-599772,2021-06-04,2021-06-04,0,North,Consumer,Partner,C-70897,P-3947,Office Supplies,Paper,3,10.41,0.0615,29.31,19.0,10.3,9.42,0,0.0,3.75,2021,2021-06
ORD-676169,2021-06-07,2021-06-08,1,East,Consumer,Online,C-76392,P-8747,Technology,Accessories,3,45.72,0.0638,128.42,84.85,43.57,12.44,0,0.0,3.3,2021,2021-06
ORD-756568,2021-06-07,2021-06-12,5,South,Consumer,Retail,C-68742,P-1667,Office Supplies,Storage,5,30.45,0.0573,143.55,78.09,65.46,10.31,0,0.0,3.28,2021,2021-06
ORD-408805,2021-06-21,2021-06-28,7,South,Consumer,Retail,C-74515,P-2188,Office Supplies,Storage,2,37.37,0.1096,66.55,38.27,28.28,7.94,0,0.0,4.0,2021,2021-06
ORD-973918,2021-06-29,2021-07-01,2,West,Consumer,Retail,C-41498,P-2088,Office Supplies,Paper,6,12.43,0.0685,69.47,48.31,21.16,12.3,0,0.0,2.95,2021,2021-06
ORD-206539,2021-06-30,2021-07-04,4,East,Corporate,Retail,C-59932,P-6368,Furniture,Tables,3,354.73,0.0745,984.85,817.5,167.34,28.57,0,0.0,3.49,2021,2021-06
ORD-569691,2021-07-05,2021-07-07,2,West,Corporate,Retail,C-68224,P-8348,Furniture,Bookcases,3,223.5,0.0494,637.38,406.07,231.31,31.84,0,0.0,4.08,2021,2021-07
ORD-845696,2021-07-06,2021-07-13,7,South,Consumer,Retail,C-64989,P-9173,Technology,Phones,1,551.5,0.0085,546.84,418.08,128.76,11.78,0,0.0,2.63,2021,2021-07
ORD-906469,2021-07-08,2021-07-10,2,East,Consumer,Online,C-82122,P-1077,Office Supplies,Storage,2,36.33,0.0041,72.36,48.17,24.18,8.83,1,39.7,3.93,2021,2021-07
ORD-909912,2021-07-11,2021-07-18,7,North,Corporate,Retail,C-35242,P-1328,Office Supplies,Paper,9,13.81,0.0638,116.36,74.01,42.35,15.36,0,0.0,3.55,2021,2021-07
ORD-686396,2021-07-17,2021-07-24,7,South,Corporate,Retail,C-15426,P-9098,Office Supplies,Storage,2,40.14,0.0341,77.54,55.89,21.65,8.22,0,0.0,4.39,2021,2021-07
ORD-524784,2021-07-24,2021-07-26,2,South,Consumer,Online,C-63819,P-5786,Furniture,Bookcases,1,241.88,0.1113,214.97,159.13,55.84,26.01,0,0.0,4.04,2021,2021-07
ORD-420154,2021-07-31,2021-08-02,2,West,Consumer,Retail,C-83604,P-3832,Office Supplies,Paper,3,10.66,0.0855,29.23,17.36,11.87,9.26,0,0.0,4.67,2021,2021-07
ORD-599810,2021-07-31,2021-08-04,4,South,Corporate,Retail,C-54715,P-4724,Office Supplies,Paper,2,13.02,0.0451,24.87,17.37,7.5,9.39,0,0.0,3.49,2021,2021-07
ORD-604135,2021-08-05,2021-08-08,3,North,Consumer,Online,C-54469,P-5214,Furniture,Tables,4,319.0,0.0397,1225.28,742.13,483.15,30.74,0,0.0,4.88,2021,2021-08
ORD-501858,2021-08-08,2021-08-10,2,North,Consumer,Online,C-34161,P-2952,Technology,Accessories,5,42.27,0.0493,200.92,161.35,39.58,15.02,1,198.73,3.53,2021,2021-08
ORD-458624,2021-08-11,2021-08-14,3,East,Consumer,Retail,C-40405,P-5115,Office Supplies,Storage,1,36.58,0.0605,34.37,20.45,13.91,7.09,0,0.0,4.67,2021,2021-08
ORD-162838,2021-08-12,2021-08-19,7,North,Corporate,Retail,C-51669,P-3021,Technology,Phones,3,496.52,0.0777,1373.86,1126.72,247.14,12.24,0,0.0,3.84,2021,2021-08
ORD-364577,2021-08-12,2021-08-13,1,West,Consumer,Online,C-81584,P-3890,Furniture,Tables,6,327.57,0.0465,1873.96,1345.36,528.59,32.22,0,0.0,3.37,2021,2021-08
ORD-195142,2021-08-21,2021-08-23,2,North,Consumer,Online,C-22605,P-1480,Furniture,Tables,2,318.73,0.1513,541.02,412.82,128.19,29.9,0,0.0,4.09,2021,2021-08
ORD-783030,2021-08-23,2021-08-26,3,North,Consumer,Retail,C-55828,P-9852,Office Supplies,Paper,3,12.56,0.0485,35.84,22.47,13.37,9.5,0,0.0,3.57,2021,2021-08
ORD-789665,2021-08-25,2021-08-26,1,East,Consumer,Partner,C-21837,P-6965,Technology,Accessories,2,42.27,0.1081,75.39,62.21,13.18,11.89,1,41.21,3.65,2021,2021-08
ORD-544366,2021-08-26,2021-08-27,1,East,Consumer,Retail,C-68780,P-4873,Office Supplies,Paper,4,11.35,0.1131,40.25,25.64,14.61,12.09,0,0.0,4.17,2021,2021-08
ORD-862142,2021-08-30,2021-09-01,2,South,Consumer,Partner,C-65658,P-8023,Technology,Accessories,3,40.14,0.1207,105.88,87.31,18.57,11.64,1,66.73,3.94,2021,2021-08
ORD-288479,2021-09-15,2021-09-22,7,South,Small Business,Online,C-66909,P-8536,Office Supplies,Paper,4,13.05,0.059,49.11,32.19,16.92,11.04,0,0.0,4.26,2021,2021-09
ORD-243351,2021-09-20,2021-09-30,10,West,Consumer,Retail,C-33903,P-6426,Furniture,Chairs,3,165.02,0.1487,421.41,316.9,104.52,31.23,0,0.0,4.15,2021,2021-09
ORD-401868,2021-09-30,2021-10-01,1,East,Consumer,Online,C-10906,P-2820,Technology,Accessories,5,53.79,0.0707,249.94,220.89,29.05,13.86,0,0.0,4.49,2021,2021-09
ORD-504949,2021-10-12,2021-10-19,7,East,Corporate,Retail,C-53871,P-4422,Technology,Phones,5,377.6,0.0867,1724.32,1329.59,394.73,14.69,0,0.0,3.72,2021,2021-10
ORD-164457,2021-10-13,2021-10-14,1,East,Consumer,Partner,C-23757,P-8104,Furniture,Chairs,3,154.11,0.1135,409.84,284.53,125.31,28.23,0,0.0,4.38,2021,2021-10
ORD-437241,2021-10-23,2021-10-26,3,South,Consumer,Online,C-39392,P-9315,Furniture,Bookcases,3,222.8,0.0402,641.53,424.43,217.09,28.29,0,0.0,3.85,2021,2021-10
ORD-515136,2021-11-04,2021-11-05,1,East,Corporate,Retail,C-44847,P-6821,Office Supplies,Binders,5,17.12,0.1395,73.67,46.11,27.56,10.67,0,0.0,3.91,2021,2021-11
ORD-358678,2021-11-08,2021-11-09,1,South,Consumer,Retail,C-19642,P-7420,Office Supplies,Paper,3,10.42,0.1416,26.84,18.32,8.52,9.73,0,0.0,4.17,2021,2021-11
ORD-459574,2021-11-17,2021-11-20,3,East,Consumer,Retail,C-25098,P-6365,Furniture,Bookcases,1,255.18,0.0787,235.1,165.86,69.24,28.58,0,0.0,4.0,2021,2021-11
ORD-988960,2021-11-20,2021-11-20,0,North,Consumer,Online,C-32565,P-1614,Office Supplies,Paper,5,13.55,0.0749,62.66,38.88,23.78,11.89,0,0.0,4.73,2021,2021-11
ORD-196458,2021-11-26,2021-11-27,1,South,Corporate,Retail,C-87219,P-9215,Office Supplies,Binders,2,17.3,0.0541,32.72,19.91,12.81,10.65,0,0.0,4.94,2021,2021-11
ORD-920183,2021-11-27,2021-11-29,2,South,Consumer,Online,C-50907,P-6414,Office Supplies,Binders,6,18.93,0.0395,109.12,64.67,44.45,11.06,0,0.0,4.54,2021,2021-11
ORD-520185,2021-11-29,2021-12-02,3,East,Consumer,Retail,C-22088,P-2617,Office Supplies,Binders,7,16.71,0.0506,111.06,76.17,34.89,14.63,0,0.0,4.59,2021,2021-11
ORD-672530,2021-12-07,2021-12-12,5,West,Small Business,Retail,C-37658,P-3255,Technology,Phones,2,528.74,0.1471,901.96,714.11,187.85,13.04,0,0.0,3.86,2021,2021-12
ORD-252388,2021-12-12,2021-12-17,5,East,Small Business,Retail,C-64034,P-4461,Office Supplies,Paper,2,12.75,0.0696,23.72,16.41,7.31,9.89,0,0.0,4.38,2021,2021-12
ORD-636213,2021-12-13,2021-12-14,1,West,Consumer,Online,C-42104,P-9337,Technology,Phones,3,426.32,0.0494,1215.78,897.05,318.73,14.46,0,0.0,3.95,2021,2021-12
ORD-989924,2021-12-13,2021-12-17,4,North,Consumer,Online,C-26716,P-8353,Furniture,Tables,1,296.55,0.0831,271.91,190.07,81.84,29.68,0,0.0,4.51,2021,2021-12
ORD-863934,2021-12-14,2021-12-18,4,East,Small Business,Online,C-21304,P-6436,Technology,Accessories,2,42.45,0.0436,81.21,61.94,19.26,11.88,0,0.0,3.54,2021,2021-12
ORD-667933,2021-12-17,2021-12-20,3,West,Consumer,Online,C-10313,P-5292,Office Supplies,Binders,2,17.78,0.0584,33.48,22.58,10.89,9.01,0,0.0,4.08,2021,2021-12
ORD-366281,2021-12-18,2021-12-20,2,South,Consumer,Partner,C-40302,P-4013,Technology,Computers,2,819.31,0.0786,1509.83,1177.44,332.39,11.21,0,0.0,5.0,2021,2021-12
ORD-731719,2021-12-19,2021-12-21,2,South,Small Business,Partner,C-96007,P-9380,Technology,Computers,4,926.99,0.066,3463.41,2926.11,537.3,15.32,0,0.0,3.88,2021,2021-12
ORD-754634,2021-12-22,2021-12-23,1,South,Small Business,Online,C-24870,P-1198,Furniture,Chairs,3,179.86,0.0733,500.02,390.46,109.56,29.91,0,0.0,4.76,2021,2021-12
ORD-938892,2021-12-22,2021-12-23,1,South,Corporate,Online,C-99462,P-1513,Office Supplies,Binders,3,15.73,0.1123,41.88,25.87,16.01,10.0,0,0.0,3.82,2021,2021-12
ORD-293869,2021-12-25,2022-01-04,10,North,Consumer,Retail,C-10444,P-6320,Technology,Accessories,3,52.24,0.0712,145.57,110.8,34.77,12.92,0,0.0,3.19,2021,2021-12
ORD-871243,2021-12-26,2021-12-30,4,West,Corporate,Online,C-58222,P-1940,Technology,Accessories,3,44.78,0.0945,121.63,104.57,17.06,12.52,0,0.0,3.37,2021,2021-12
ORD-228016,2021-12-31,2022-01-05,5,South,Consumer,Retail,C-62241,P-8607,Office Supplies,Storage,5,41.18,0.0443,196.77,134.41,62.37,10.52,0,0.0,3.73,2021,2021-12
ORD-226800,2022-01-07,2022-01-10,3,East,Corporate,Retail,C-22034,P-3603,Office Supplies,Paper,4,14.47,0.0764,53.45,30.1,23.35,11.36,0,0.0,4.98,2022,2022-01
ORD-346602,2022-01-09,2022-01-09,0,East,Consumer,Retail,C-23913,P-4060,Technology,Accessories,3,52.29,0.0137,154.73,124.3,30.42,13.05,0,0.0,3.83,2022,2022-01
ORD-776934,2022-01-15,2022-01-15,0,North,Consumer,Online,C-37894,P-1800,Furniture,Tables,6,245.13,0.0583,1385.07,1125.27,259.8,31.3,0,0.0,4.34,2022,2022-01
ORD-107757,2022-01-28,2022-01-30,2,West,Consumer,Online,C-66606,P-1630,Office Supplies,Binders,2,15.02,0.0783,27.68,16.33,11.36,8.87,0,0.0,4.58,2022,2022-01
ORD-954576,2022-01-28,2022-02-04,7,South,Consumer,Retail,C-24087,P-6946,Office Supplies,Binders,2,17.61,0.0443,33.65,20.29,13.37,9.05,0,0.0,4.71,2022,2022-01
ORD-346889,2022-01-30,2022-02-03,4,South,Corporate,Online,C-15901,P-3835,Furniture,Chairs,4,166.61,0.0628,624.58,422.62,201.96,29.08,0,0.0,3.97,2022,2022-01
ORD-784765,2022-01-31,2022-02-02,2,West,Consumer,Online,C-83801,P-1855,Technology,Phones,5,561.0,0.0714,2604.81,1999.81,605.0,15.67,0,0.0,4.11,2022,2022-01
ORD-720567,2022-02-01,2022-02-06,5,East,Consumer,Retail,C-26462,P-7335,Technology,Computers,1,902.57,0.0636,845.16,599.64,245.52,14.94,0,0.0,4.22,2022,2022-02
ORD-738414,2022-02-02,2022-02-03,1,East,Consumer,Retail,C-41178,P-2116,Furniture,Chairs,1,183.0,0.0581,172.37,120.46,51.91,26.5,0,0.0,4.63,2022,2022-02
ORD-959684,2022-02-17,2022-02-24,7,South,Consumer,Partner,C-20002,P-6403,Furniture,Bookcases,2,217.8,0.1413,374.05,284.64,89.4,28.12,0,0.0,2.91,2022,2022-02
ORD-212929,2022-02-21,2022-02-22,1,East,Consumer,Online,C-78497,P-7448,Technology,Phones,4,490.47,0.0173,1927.9,1505.25,422.65,12.69,0,0.0,4.68,2022,2022-02
ORD-672563,2022-02-21,2022-02-26,5,South,Consumer,Retail,C-39647,P-4373,Furniture,Tables,2,335.73,0.0845,614.73,444.94,169.79,26.99,0,0.0,3.46,2022,2022-02
ORD-789590,2022-02-22,2022-02-25,3,West,Small Business,Partner,C-58545,P-4062,Furniture,Tables,5,307.71,0.1138,1363.55,1042.4,321.16,31.99,0,0.0,4.6,2022,2022-02
ORD-912691,2022-02-22,2022-03-04,10,South,Small Business,Retail,C-32361,P-3051,Technology,Phones,4,311.1,0.0242,1214.33,915.66,298.67,13.07,0,0.0,3.1,2022,2022-02
ORD-460729,2022-02-23,2022-02-25,2,South,Consumer,Online,C-19363,P-3704,Furniture,Bookcases,6,266.14,0.0419,1529.94,1074.42,455.52,31.64,0,0.0,4.83,2022,2022-02
ORD-544378,2022-02-27,2022-03-01,2,North,Consumer,Online,C-17323,P-4915,Office Supplies,Paper,2,8.38,0.1183,14.78,9.06,5.72,9.35,0,0.0,3.65,2022,2022-02
ORD-212070,2022-02-28,2022-02-28,0,North,Consumer,Online,C-95984,P-5953,Technology,Computers,3,973.38,0.0573,2752.67,2114.67,638.0,12.34,0,0.0,4.53,2022,2022-02
ORD-378417,2022-03-05,2022-03-09,4,East,Corporate,Online,C-24935,P-9849,Office Supplies,Paper,3,10.55,0.0701,29.42,21.9,7.53,9.88,0,0.0,3.66,2022,2022-03
ORD-444421,2022-03-05,2022-03-08,3,West,Consumer,Partner,C-61695,P-6514,Office Supplies,Paper,5,12.36,0.0695,57.48,38.14,19.34,10.9,0,0.0,4.27,2022,2022-03
ORD-228976,2022-03-08,2022-03-08,0,East,Consumer,Online,C-72529,P-8318,Technology,Phones,1,464.51,0.1134,411.81,331.44,80.37,13.01,0,0.0,3.08,2022,2022-03
ORD-807908,2022-03-10,2022-03-13,3,West,Small Business,Online,C-58340,P-4102,Office Supplies,Paper,2,10.85,0.0056,21.57,13.34,8.23,11.03,0,0.0,4.09,2022,2022-03
ORD-367209,2022-03-18,2022-03-19,1,North,Consumer,Retail,C-71758,P-6576,Office Supplies,Paper,3,10.05,0.0531,28.54,20.72,7.82,9.49,0,0.0,3.56,2022,2022-03
ORD-454895,2022-03-24,2022-03-28,4,North,Small Business,Partner,C-44043,P-6044,Furniture,Bookcases,6,247.68,0.116,1313.75,898.81,414.94,35.22,0,0.0,4.7,2022,2022-03
ORD-417591,2022-04-06,2022-04-09,3,East,Consumer,Retail,C-31531,P-2239,Furniture,Chairs,2,215.32,0.0743,398.66,300.43,98.23,29.54,0,0.0,4.19,2022,2022-04
ORD-114842,2022-04-07,2022-04-10,3,East,Small Business,Online,C-70346,P-3945,Furniture,Tables,1,325.22,0.0799,299.23,213.93,85.31,26.99,0,0.0,3.23,2022,2022-04
ORD-494771,2022-04-24,2022-04-25,1,East,Corporate,Online,C-99699,P-7119,Furniture,Bookcases,3,181.43,0.0955,492.32,386.89,105.44,28.76,0,0.0,3.94,2022,2022-04
ORD-414404,2022-05-01,2022-05-05,4,North,Small Business,Retail,C-35168,P-5659,Technology,Phones,3,511.51,0.0525,1453.91,1327.2,126.71,13.95,0,0.0,4.66,2022,2022-05
ORD-428483,2022-05-03,2022-05-06,3,West,Small Business,Retail,C-77492,P-9340,Office Supplies,Paper,3,10.63,0.0836,29.23,19.6,9.63,10.19,0,0.0,4.2,2022,2022-05
ORD-170057,2022-05-04,2022-05-08,4,North,Small Business,Online,C-19883,P-5116,Technology,Accessories,2,37.04,0.079,68.23,60.16,8.08,11.35,0,0.0,4.39,2022,2022-05
ORD-550843,2022-05-04,2022-05-06,2,West,Consumer,Online,C-14835,P-4294,Office Supplies,Paper,7,9.1,0.0905,57.91,40.36,17.55,14.92,0,0.0,3.67,2022,2022-05
ORD-422190,2022-05-13,2022-05-13,0,East,Corporate,Online,C-31405,P-8350,Furniture,Bookcases,3,235.13,0.0375,678.92,451.38,227.54,29.79,0,0.0,4.04,2022,2022-05
ORD-824707,2022-05-14,2022-05-24,10,West,Consumer,Online,C-22391,P-7243,Furniture,Bookcases,5,188.52,0.04,904.92,696.58,208.34,32.69,0,0.0,3.95,2022,2022-05
ORD-392099,2022-05-20,2022-05-21,1,East,Corporate,Retail,C-25583,P-9137,Technology,Phones,4,414.77,0.1576,1397.64,1026.66,370.98,14.85,0,0.0,3.94,2022,2022-05
ORD-686813,2022-05-20,2022-05-25,5,West,Consumer,Retail,C-94585,P-8681,Technology,Accessories,2,44.1,0.0325,85.33,63.42,21.91,12.34,0,0.0,2.9,2022,2022-05
ORD-389363,2022-05-21,2022-05-25,4,West,Corporate,Online,C-37193,P-9877,Office Supplies,Paper,3,12.36,0.0361,35.73,21.28,14.46,9.15,0,0.0,4.09,2022,2022-05
ORD-793867,2022-05-24,2022-05-27,3,East,Consumer,Online,C-34181,P-2165,Technology,Phones,6,416.96,0.0848,2289.66,1610.46,679.2,15.1,0,0.0,4.32,2022,2022-05
ORD-880410,2022-05-25,2022-05-25,0,East,Corporate,Online,C-49398,P-7442,Furniture,Tables,3,327.45,0.1089,875.36,619.03,256.33,28.11,0,0.0,4.2,2022,2022-05
ORD-193252,2022-06-02,2022-06-02,0,West,Corporate,Online,C-47017,P-5354,Office Supplies,Binders,4,20.95,0.091,76.17,59.63,16.54,10.09,0,0.0,3.88,2022,2022-06
ORD-105173,2022-06-06,2022-06-10,4,West,Corporate,Online,C-72558,P-6228,Furniture,Tables,5,334.83,0.0664,1562.9,1307.63,255.26,31.42,0,0.0,3.71,2022,2022-06
ORD-823708,2022-06-10,2022-06-12,2,East,Corporate,Online,C-21766,P-2663,Technology,Computers,5,754.43,0.0437,3607.49,2709.25,898.24,14.19,0,0.0,4.9,2022,2022-06
ORD-220400,2022-06-14,2022-06-17,3,North,Small Business,Retail,C-23699,P-1119,Technology,Phones,3,550.64,0.0694,1537.31,1195.29,342.02,12.96,0,0.0,4.12,2022,2022-06
ORD-731503,2022-06-15,2022-06-20,5,North,Corporate,Retail,C-72038,P-4336,Technology,Computers,3,710.08,0.0892,1940.26,1493.51,446.75,11.94,0,0.0,4.02,2022,2022-06
ORD-387037,2022-06-16,2022-06-21,5,South,Small Business,Online,C-40995,P-4399,Furniture,Tables,3,404.07,0.0321,1173.32,797.05,376.27,29.4,0,0.0,4.32,2022,2022-06
ORD-632352,2022-06-21,2022-06-24,3,North,Small Business,Online,C-57783,P-7598,Furniture,Chairs,2,192.23,0.021,376.38,292.28,84.09,28.23,0,0.0,5.0,2022,2022-06
ORD-738359,2022-06-21,2022-06-25,4,West,Small Business,Online,C-49661,P-2908,Technology,Computers,4,807.4,0.0338,3120.44,2213.91,906.53,13.49,0,0.0,4.41,2022,2022-06
ORD-945094,2022-07-03,2022-07-05,2,West,Consumer,Retail,C-19097,P-5214,Technology,Phones,4,519.46,0.0611,1950.99,1372.55,578.44,14.59,0,0.0,3.81,2022,2022-07
ORD-769399,2022-07-08,2022-07-12,4,South,Consumer,Online,C-61176,P-2832,Office Supplies,Binders,2,17.27,0.077,31.88,20.74,11.14,10.16,0,0.0,5.0,2022,2022-07
ORD-324135,2022-07-10,2022-07-14,4,North,Consumer,Online,C-73475,P-7458,Office Supplies,Paper,4,12.22,0.0153,48.12,29.19,18.93,10.85,0,0.0,4.77,2022,2022-07
ORD-668412,2022-07-18,2022-07-23,5,South,Consumer,Online,C-59820,P-3553,Technology,Phones,3,402.37,0.0057,1200.28,867.01,333.27,12.31,0,0.0,4.41,2022,2022-07
ORD-314813,2022-07-24,2022-07-27,3,North,Consumer,Online,C-11449,P-4607,Technology,Phones,2,569.56,0.0629,1067.49,876.66,190.83,11.23,0,0.0,4.17,2022,2022-07
ORD-741171,2022-07-24,2022-07-29,5,West,Consumer,Partner,C-95656,P-4747,Office Supplies,Storage,5,30.46,0.1029,136.64,92.76,43.88,10.56,0,0.0,4.56,2022,2022-07
ORD-924508,2022-07-30,2022-07-30,0,North,Consumer,Retail,C-85627,P-1216,Furniture,Chairs,4,197.46,0.0098,782.13,560.85,221.27,31.85,0,0.0,4.36,2022,2022-07
ORD-212746,2022-08-04,2022-08-05,1,North,Consumer,Online,C-36284,P-6260,Furniture,Tables,3,296.2,0.0895,809.08,545.45,263.63,30.8,0,0.0,4.77,2022,2022-08
ORD-964884,2022-08-13,2022-08-16,3,South,Consumer,Partner,C-83432,P-1941,Furniture,Tables,3,307.77,0.1565,778.81,561.76,217.05,28.99,0,0.0,3.38,2022,2022-08
ORD-790051,2022-08-19,2022-08-22,3,East,Corporate,Retail,C-69816,P-4075,Technology,Accessories,4,34.72,0.1549,117.37,98.54,18.83,15.03,0,0.0,4.0,2022,2022-08
ORD-976105,2022-08-21,2022-08-23,2,North,Corporate,Online,C-78362,P-7299,Technology,Phones,5,518.06,0.1507,2199.93,1770.14,429.79,14.13,0,0.0,3.18,2022,2022-08
ORD-249449,2022-08-27,2022-09-06,10,East,Consumer,Online,C-98027,P-6431,Office Supplies,Storage,2,43.17,0.1135,76.54,43.94,32.6,7.77,0,0.0,4.04,2022,2022-08
ORD-781405,2022-08-30,2022-09-04,5,West,Consumer,Online,C-80851,P-1351,Technology,Phones,2,506.24,0.0643,947.4,764.9,182.49,11.96,1,772.61,2.81,2022,2022-08
ORD-963235,2022-09-06,2022-09-08,2,North,Consumer,Online,C-57910,P-2675,Office Supplies,Binders,4,22.76,0.0529,86.23,64.56,21.67,14.7,0,0.0,4.92,2022,2022-09
ORD-495542,2022-09-09,2022-09-10,1,South,Consumer,Partner,C-44779,P-4799,Technology,Computers,1,829.33,0.0851,758.79,555.36,203.42,14.5,0,0.0,3.3,2022,2022-09
ORD-388006,2022-09-11,2022-09-15,4,South,Corporate,Online,C-69038,P-5460,Technology,Computers,3,874.95,0.102,2357.05,1642.35,714.7,12.02,0,0.0,3.61,2022,2022-09
ORD-439525,2022-09-19,2022-09-21,2,South,Consumer,Online,C-28690,P-5081,Office Supplies,Storage,1,36.05,0.0409,34.58,22.97,11.6,7.67,0,0.0,3.78,2022,2022-09
ORD-397298,2022-09-21,2022-09-24,3,South,Consumer,Online,C-46226,P-6657,Office Supplies,Binders,1,16.91,0.0473,16.11,12.11,4.01,9.57,0,0.0,3.71,2022,2022-09
ORD-432043,2022-09-27,2022-10-02,5,East,Corporate,Online,C-88373,P-9078,Furniture,Tables,3,283.77,0.176,701.51,484.42,217.09,29.19,0,0.0,4.38,2022,2022-09
ORD-633208,2022-10-02,2022-10-05,3,South,Consumer,Online,C-62166,P-4235,Furniture,Tables,4,312.86,0.1452,1069.77,797.4,272.37,29.56,0,0.0,4.04,2022,2022-10
ORD-632707,2022-10-07,2022-10-10,3,South,Consumer,Retail,C-75904,P-7110,Office Supplies,Paper,2,12.42,0.0814,22.82,15.63,7.19,8.36,0,0.0,4.74,2022,2022-10
ORD-919495,2022-10-09,2022-10-12,3,North,Consumer,Online,C-93279,P-4375,Technology,Phones,3,524.93,0.0739,1458.37,1303.3,155.07,15.49,0,0.0,3.82,2022,2022-10
ORD-900469,2022-10-14,2022-10-17,3,North,Small Business,Online,C-60319,P-6930,Office Supplies,Paper,1,10.93,0.0438,10.45,7.23,3.22,7.58,0,0.0,5.0,2022,2022-10
ORD-128921,2022-10-15,2022-10-18,3,West,Consumer,Online,C-49953,P-1513,Furniture,Bookcases,3,193.95,0.0326,562.88,436.33,126.54,33.35,0,0.0,3.6,2022,2022-10
ORD-672686,2022-10-16,2022-10-18,2,West,Consumer,Online,C-75746,P-9735,Technology,Computers,2,860.52,0.0299,1669.57,1340.47,329.1,12.47,0,0.0,3.83,2022,2022-10
ORD-214203,2022-10-17,2022-10-20,3,North,Small Business,Online,C-94657,P-8438,Furniture,Tables,2,368.15,0.0641,689.1,452.68,236.43,31.24,0,0.0,5.0,2022,2022-10
ORD-312800,2022-10-20,2022-10-27,7,South,Small Business,Online,C-96040,P-4630,Technology,Phones,2,534.35,0.0494,1015.94,819.78,196.16,13.99,0,0.0,4.02,2022,2022-10
ORD-535657,2022-10-20,2022-10-27,7,East,Corporate,Retail,C-80103,P-6686,Office Supplies,Paper,4,12.46,0.0739,46.17,36.78,9.39,11.24,0,0.0,2.26,2022,2022-10
ORD-423873,2022-10-22,2022-10-26,4,South,Corporate,Retail,C-28683,P-9923,Technology,Phones,5,367.76,0.09,1673.37,1551.65,121.72,15.56,1,1552.73,3.68,2022,2022-10
ORD-759365,2022-10-27,2022-10-30,3,South,Consumer,Retail,C-99091,P-8970,Technology,Accessories,3,52.7,0.0631,148.11,115.13,32.98,13.39,0,0.0,3.28,2022,2022-10
ORD-839773,2022-10-31,2022-11-03,3,South,Consumer,Online,C-53605,P-1194,Office Supplies,Binders,3,16.96,0.085,46.55,24.7,21.85,10.31,0,0.0,4.2,2022,2022-10
ORD-859633,2022-11-02,2022-11-03,1,South,Small Business,Online,C-49954,P-6591,Office Supplies,Storage,5,31.49,0.0498,149.61,106.34,43.28,12.16,0,0.0,4.41,2022,2022-11
ORD-746595,2022-11-05,2022-11-08,3,North,Consumer,Retail,C-27902,P-6098,Furniture,Tables,3,350.68,0.0107,1040.82,794.47,246.35,31.13,0,0.0,4.29,2022,2022-11
ORD-740161,2022-11-12,2022-11-13,1,North,Corporate,Retail,C-14668,P-8470,Technology,Phones,5,585.21,0.0676,2728.26,2128.55,599.71,15.56,0,0.0,3.59,2022,2022-11
ORD-904714,2022-11-15,2022-11-17,2,West,Small Business,Partner,C-19477,P-3902,Technology,Accessories,1,56.32,0.0818,51.72,39.2,12.52,13.64,0,0.0,3.61,2022,2022-11
ORD-291087,2022-11-24,2022-11-29,5,West,Corporate,Online,C-96740,P-2216,Office Supplies,Paper,1,12.36,0.0921,11.22,7.57,3.65,8.83,0,0.0,3.51,2022,2022-11
ORD-427019,2022-11-25,2022-11-28,3,East,Consumer,Retail,C-92190,P-7738,Office Supplies,Paper,2,13.47,0.0661,25.16,19.97,5.18,10.84,0,0.0,4.88,2022,2022-11
ORD-600873,2022-11-30,2022-12-04,4,South,Consumer,Online,C-35747,P-3252,Technology,Computers,7,1148.29,0.0655,7511.82,5536.86,1974.97,15.43,0,0.0,5.0,2022,2022-11
ORD-740738,2022-12-02,2022-12-05,3,West,Consumer,Online,C-54148,P-9679,Office Supplies,Binders,5,17.03,0.1349,73.66,40.55,33.11,11.08,0,0.0,4.33,2022,2022-12
ORD-798840,2022-12-16,2022-12-17,1,East,Consumer,Online,C-72708,P-3681,Technology,Computers,5,948.04,0.0223,4634.6,3368.98,1265.63,13.75,1,4224.35,4.03,2022,2022-12
ORD-384518,2022-12-25,2022-12-25,0,North,Consumer,Partner,C-31028,P-4200,Office Supplies,Paper,6,12.91,0.1611,64.97,35.89,29.08,12.05,0,0.0,4.5,2022,2022-12
ORD-439391,2022-12-26,2022-12-29,3,West,Corporate,Online,C-22317,P-9022,Technology,Phones,3,511.57,0.0958,1387.65,1023.83,363.83,12.97,0,0.0,5.0,2022,2022-12
ORD-935326,2022-12-27,2023-01-06,10,North,Consumer,Retail,C-72834,P-2688,Office Supplies,Storage,2,41.8,0.1233,73.29,46.1,27.18,11.07,0,0.0,3.03,2022,2022-12
ORD-450822,2022-12-30,2023-01-04,5,South,Consumer,Online,C-22830,P-3812,Technology,Computers,1,902.86,0.0597,848.93,659.41,189.52,10.24,0,0.0,4.0,2022,2022-12
ORD-455175,2022-12-31,2023-01-01,1,West,Small Business,Retail,C-56493,P-5315,Furniture,Tables,2,335.2,0.026,652.97,504.04,148.92,29.78,0,0.0,3.44,2022,2022-12
ORD-185174,2023-01-06,2023-01-06,0,North,Small Business,Online,C-67575,P-8192,Office Supplies,Binders,2,19.39,0.0599,36.47,25.23,11.23,9.45,0,0.0,4.37,2023,2023-01
ORD-325750,2023-01-08,2023-01-10,2,North,Consumer,Online,C-14267,P-6471,Furniture,Tables,3,276.9,0.044,794.13,579.64,214.5,31.77,0,0.0,3.41,2023,2023-01
ORD-864667,2023-01-11,2023-01-16,5,South,Small Business,Partner,C-32335,P-6055,Furniture,Bookcases,2,217.36,0.2116,342.74,251.86,90.88,27.44,0,0.0,4.19,2023,2023-01
ORD-734736,2023-01-28,2023-01-30,2,North,Corporate,Online,C-40555,P-2260,Technology,Phones,3,522.1,0.1488,1333.25,1087.76,245.49,12.35,1,1305.73,3.55,2023,2023-01
ORD-274078,2023-02-03,2023-02-05,2,South,Corporate,Retail,C-33521,P-7809,Office Supplies,Storage,5,35.62,0.0596,167.48,112.53,54.95,12.96,0,0.0,4.32,2023,2023-02
ORD-519613,2023-02-05,2023-02-10,5,North,Corporate,Retail,C-65142,P-4766,Technology,Accessories,4,57.66,0.0955,208.62,184.7,23.91,14.01,0,0.0,3.34,2023,2023-02
ORD-474263,2023-02-09,2023-02-10,1,South,Corporate,Retail,C-38810,P-6345,Furniture,Chairs,2,184.63,0.0821,338.94,252.47,86.47,27.09,0,0.0,4.01,2023,2023-02
ORD-576709,2023-02-11,2023-02-16,5,South,Corporate,Partner,C-12963,P-8383,Furniture,Chairs,3,190.82,0.1939,461.46,349.39,112.06,28.29,0,0.0,3.7,2023,2023-02
ORD-646132,2023-02-16,2023-02-17,1,East,Consumer,Online,C-45074,P-3177,Technology,Computers,7,922.69,0.0931,5857.29,4849.31,1007.98,15.48,0,0.0,3.89,2023,2023-02
ORD-215445,2023-02-20,2023-02-23,3,North,Consumer,Online,C-68193,P-8118,Technology,Accessories,3,50.61,0.0344,146.61,115.36,31.25,13.29,0,0.0,4.25,2023,2023-02
ORD-188616,2023-03-01,2023-03-06,5,North,Consumer,Online,C-15194,P-3966,Office Supplies,Paper,4,13.0,0.1177,45.87,32.68,13.19,10.05,0,0.0,3.53,2023,2023-03
ORD-290751,2023-03-03,2023-03-05,2,North,Consumer,Online,C-98048,P-2239,Furniture,Bookcases,8,221.15,0.0271,1721.17,1194.88,526.29,35.03,0,0.0,3.72,2023,2023-03
ORD-616569,2023-03-09,2023-03-13,4,South,Corporate,Online,C-72005,P-3988,Technology,Computers,3,759.32,0.0963,2058.72,1609.99,448.73,12.05,0,0.0,4.35,2023,2023-03
ORD-807573,2023-03-10,2023-03-20,10,South,Small Business,Online,C-32168,P-3718,Office Supplies,Paper,2,10.94,0.0061,21.74,13.61,8.13,10.07,0,0.0,3.71,2023,2023-03
ORD-534576,2023-03-11,2023-03-14,3,West,Small Business,Partner,C-97406,P-9121,Office Supplies,Binders,2,19.85,0.095,35.93,24.89,11.03,13.71,0,0.0,3.92,2023,2023-03
ORD-321652,2023-03-17,2023-03-22,5,North,Consumer,Online,C-84539,P-3972,Office Supplies,Storage,3,36.02,0.076,99.86,71.33,28.54,13.06,0,0.0,2.92,2023,2023-03
ORD-142122,2023-03-20,2023-03-27,7,East,Consumer,Online,C-53327,P-9121,Furniture,Chairs,2,187.87,0.1012,337.73,251.79,85.94,28.15,0,0.0,5.0,2023,2023-03
ORD-202325,2023-03-22,2023-03-25,3,West,Corporate,Online,C-10537,P-3928,Office Supplies,Storage,3,28.6,0.1115,76.23,52.68,23.55,9.1,0,0.0,4.66,2023,2023-03
ORD-859689,2023-04-01,2023-04-05,4,West,Consumer,Online,C-67061,P-2323,Furniture,Tables,1,244.65,0.0142,241.17,155.84,85.33,29.42,0,0.0,3.5,2023,2023-04
ORD-431324,2023-04-02,2023-04-03,1,East,Corporate,Retail,C-32133,P-1061,Office Supplies,Paper,3,12.62,0.0656,35.38,21.06,14.31,8.81,0,0.0,4.63,2023,2023-04
ORD-279125,2023-04-11,2023-04-13,2,North,Consumer,Retail,C-59233,P-6121,Furniture,Bookcases,3,247.19,0.0796,682.52,528.84,153.68,29.61,0,0.0,4.88,2023,2023-04
ORD-334532,2023-04-15,2023-04-25,10,West,Consumer,Retail,C-77353,P-9424,Office Supplies,Paper,1,13.01,0.0515,12.34,7.02,5.32,7.9,0,0.0,3.05,2023,2023-04
ORD-251442,2023-04-17,2023-04-20,3,West,Consumer,Retail,C-83361,P-5228,Technology,Phones,3,552.25,0.1036,1485.13,1176.51,308.62,14.24,0,0.0,4.95,2023,2023-04
ORD-718947,2023-04-17,2023-04-18,1,South,Corporate,Online,C-30437,P-1349,Office Supplies,Paper,2,10.58,0.0493,20.12,12.28,7.84,9.39,0,0.0,4.16,2023,2023-04
ORD-329278,2023-04-21,2023-04-24,3,East,Small Business,Retail,C-64879,P-7234,Office Supplies,Binders,3,18.83,0.0478,53.79,37.2,16.59,11.95,0,0.0,4.7,2023,2023-04
ORD-973235,2023-04-23,2023-04-24,1,North,Consumer,Online,C-42451,P-9065,Technology,Phones,5,503.68,0.0613,2363.96,1801.83,562.13,14.07,0,0.0,4.72,2023,2023-04
ORD-932776,2023-04-24,2023-04-28,4,East,Consumer,Online,C-81011,P-8692,Furniture,Chairs,2,182.98,0.0388,351.76,258.12,93.65,27.8,0,0.0,4.2,2023,2023-04
ORD-508116,2023-04-25,2023-04-27,2,South,Consumer,Retail,C-89169,P-8023,Office Supplies,Binders,5,20.02,0.0684,93.23,55.1,38.13,11.31,0,0.0,4.72,2023,2023-04
ORD-772183,2023-04-27,2023-04-29,2,South,Consumer,Online,C-28907,P-1459,Technology,Phones,3,503.44,0.0457,1441.37,1220.65,220.72,12.48,0,0.0,4.66,2023,2023-04
ORD-186591,2023-04-28,2023-05-03,5,North,Consumer,Online,C-98008,P-7345,Technology,Phones,5,613.81,0.054,2903.2,2450.99,452.21,13.97,0,0.0,3.86,2023,2023-04
ORD-986219,2023-05-01,2023-05-02,1,East,Consumer,Retail,C-79537,P-8807,Technology,Phones,4,461.2,0.0568,1740.01,1306.4,433.61,18.45,0,0.0,5.0,2023,2023-05
ORD-948987,2023-05-03,2023-05-05,2,West,Corporate,Online,C-40369,P-8697,Office Supplies,Paper,4,12.11,0.0545,45.82,29.88,15.94,10.49,0,0.0,4.63,2023,2023-05
ORD-650698,2023-05-11,2023-05-14,3,West,Consumer,Online,C-56554,P-3672,Furniture,Tables,1,352.74,0.066,329.45,213.91,115.54,32.24,0,0.0,4.15,2023,2023-05
ORD-114663,2023-05-18,2023-05-20,2,South,Consumer,Online,C-48952,P-4043,Office Supplies,Paper,2,15.0,0.0379,28.86,18.83,10.04,8.9,0,0.0,3.4,2023,2023-05
ORD-218848,2023-05-23,2023-05-27,4,North,Corporate,Online,C-28560,P-2602,Furniture,Chairs,5,181.37,0.1133,804.11,606.18,197.93,31.53,0,0.0,3.91,2023,2023-05
ORD-765794,2023-05-24,2023-05-27,3,South,Corporate,Retail,C-60563,P-5260,Furniture,Bookcases,4,259.51,0.0729,962.4,675.57,286.82,30.92,0,0.0,3.7,2023,2023-05
ORD-166387,2023-06-14,2023-06-16,2,East,Consumer,Online,C-28999,P-1535,Technology,Computers,6,836.72,0.0373,4832.88,4308.63,524.25,14.43,0,0.0,4.62,2023,2023-06
ORD-284748,2023-06-15,2023-06-22,7,West,Corporate,Retail,C-40992,P-4796,Office Supplies,Binders,2,16.36,0.0845,29.96,17.19,12.76,9.24,0,0.0,3.86,2023,2023-06
ORD-446730,2023-06-17,2023-06-21,4,South,Consumer,Online,C-74590,P-5188,Office Supplies,Storage,1,30.75,0.1344,26.62,14.89,11.73,7.89,0,0.0,4.16,2023,2023-06
ORD-635335,2023-06-21,2023-06-22,1,East,Consumer,Retail,C-89071,P-9853,Office Supplies,Binders,1,20.04,0.0902,18.23,12.22,6.01,7.21,0,0.0,4.86,2023,2023-06
ORD-876697,2023-06-21,2023-06-24,3,North,Consumer,Online,C-94244,P-8394,Office Supplies,Storage,2,30.06,0.0637,56.29,43.01,13.27,8.44,0,0.0,4.73,2023,2023-06
ORD-497778,2023-06-24,2023-06-28,4,East,Consumer,Online,C-52456,P-1108,Technology,Phones,6,487.41,0.0812,2687.02,1910.78,776.24,19.41,0,0.0,4.51,2023,2023-06
ORD-767707,2023-06-24,2023-06-28,4,East,Small Business,Partner,C-64677,P-5095,Furniture,Bookcases,2,201.87,0.0854,369.25,249.45,119.8,27.54,0,0.0,4.5,2023,2023-06
ORD-523843,2023-06-25,2023-06-29,4,South,Corporate,Retail,C-86491,P-1429,Technology,Phones,5,481.57,0.096,2176.69,1693.73,482.96,14.72,0,0.0,4.96,2023,2023-06
ORD-275282,2023-06-28,2023-07-03,5,East,Small Business,Online,C-48856,P-5181,Furniture,Bookcases,4,283.56,0.08,1043.55,767.06,276.49,29.77,0,0.0,4.06,2023,2023-06
ORD-631860,2023-06-29,2023-07-01,2,North,Corporate,Online,C-85907,P-3366,Technology,Computers,5,798.1,0.05,3791.1,3105.89,685.22,15.97,0,0.0,4.63,2023,2023-06
ORD-725267,2023-06-29,2023-06-30,1,West,Corporate,Retail,C-76188,P-2144,Technology,Computers,7,882.2,0.1258,5398.28,4362.47,1035.8,16.95,1,3734.93,3.59,2023,2023-06
ORD-236504,2023-07-14,2023-07-14,0,North,Consumer,Online,C-20184,P-2048,Office Supplies,Paper,2,11.15,0.0315,21.6,14.24,7.36,8.25,0,0.0,4.36,2023,2023-07
ORD-431970,2023-07-15,2023-07-25,10,South,Small Business,Online,C-16725,P-8674,Technology,Accessories,4,46.54,0.0688,173.37,127.43,45.94,12.22,1,93.61,4.23,2023,2023-07
ORD-791499,2023-07-20,2023-07-23,3,West,Corporate,Online,C-21712,P-9898,Technology,Computers,3,893.28,0.09,2438.71,1989.98,448.73,17.03,0,0.0,4.69,2023,2023-07
ORD-851108,2023-07-22,2023-07-26,4,North,Consumer,Online,C-60310,P-5878,Furniture,Chairs,2,160.43,0.0262,312.43,223.34,89.09,29.13,0,0.0,4.45,2023,2023-07
ORD-167659,2023-08-05,2023-08-07,2,East,Consumer,Retail,C-10715,P-1367,Technology,Accessories,6,50.41,0.0228,295.6,201.09,94.51,14.32,0,0.0,3.83,2023,2023-08
ORD-851170,2023-08-05,2023-08-06,1,East,Corporate,Retail,C-25895,P-8647,Office Supplies,Storage,6,33.5,0.0597,189.0,138.51,50.49,11.51,0,0.0,3.39,2023,2023-08
ORD-438753,2023-08-08,2023-08-11,3,East,Corporate,Partner,C-73241,P-6795,Furniture,Bookcases,4,248.05,0.1319,861.34,663.16,198.18,29.13,0,0.0,4.26,2023,2023-08
ORD-244473,2023-08-16,2023-08-19,3,South,Consumer,Retail,C-24528,P-3649,Office Supplies,Binders,3,13.44,0.0338,38.96,22.88,16.08,8.83,0,0.0,4.1,2023,2023-08
ORD-387215,2023-08-23,2023-08-26,3,East,Corporate,Online,C-25526,P-2573,Furniture,Bookcases,1,238.73,0.0537,225.91,161.34,64.57,28.76,0,0.0,3.94,2023,2023-08
ORD-836702,2023-08-24,2023-08-26,2,North,Corporate,Online,C-57355,P-3357,Technology,Phones,4,480.07,0.134,1662.89,1198.21,464.68,16.34,0,0.0,4.73,2023,2023-08
ORD-940051,2023-08-25,2023-08-30,5,South,Consumer,Retail,C-84055,P-5988,Furniture,Chairs,2,238.27,0.0123,470.67,366.96,103.7,28.1,0,0.0,4.22,2023,2023-08
ORD-644608,2023-08-27,2023-08-31,4,East,Consumer,Partner,C-73146,P-1687,Office Supplies,Paper,5,10.01,0.0488,47.62,36.34,11.29,10.59,0,0.0,4.55,2023,2023-08
ORD-976968,2023-08-31,2023-09-02,2,East,Consumer,Retail,C-43690,P-2247,Technology,Phones,1,415.99,0.0234,406.24,273.64,132.6,12.66,0,0.0,4.01,2023,2023-08
ORD-895044,2023-09-01,2023-09-06,5,South,Small Business,Partner,C-77244,P-2617,Furniture,Tables,3,318.18,0.1074,852.05,644.75,207.3,31.37,0,0.0,4.58,2023,2023-09
ORD-249098,2023-09-03,2023-09-04,1,North,Consumer,Retail,C-14564,P-1426,Furniture,Bookcases,1,273.31,0.0245,266.61,191.54,75.07,31.29,0,0.0,5.0,2023,2023-09
ORD-847112,2023-09-03,2023-09-05,2,North,Corporate,Online,C-57957,P-7919,Office Supplies,Binders,3,14.28,0.0973,38.68,25.13,13.55,9.5,0,0.0,3.73,2023,2023-09
ORD-284657,2023-09-06,2023-09-11,5,North,Corporate,Retail,C-14559,P-1416,Furniture,Tables,4,366.4,0.0992,1320.14,958.39,361.75,30.32,0,0.0,4.37,2023,2023-09
ORD-820657,2023-09-08,2023-09-10,2,West,Small Business,Retail,C-72116,P-3954,Office Supplies,Storage,3,35.43,0.0537,100.58,50.46,50.12,12.05,0,0.0,4.38,2023,2023-09
ORD-413600,2023-09-10,2023-09-11,1,South,Consumer,Online,C-15333,P-5223,Office Supplies,Paper,5,14.08,0.095,63.73,38.13,25.59,10.85,0,0.0,2.79,2023,2023-09
ORD-637563,2023-09-14,2023-09-24,10,West,Consumer,Online,C-32824,P-1773,Furniture,Tables,1,315.81,0.0232,308.5,218.29,90.21,30.13,0,0.0,3.94,2023,2023-09
ORD-421010,2023-09-24,2023-09-25,1,East,Consumer,Partner,C-50645,P-4475,Furniture,Bookcases,3,211.06,0.1574,533.51,371.04,162.47,28.75,0,0.0,4.58,2023,2023-09
ORD-788069,2023-09-28,2023-10-05,7,South,Consumer,Online,C-41620,P-8136,Office Supplies,Paper,4,10.82,0.0587,40.73,23.99,16.73,9.73,0,0.0,3.11,2023,2023-09
ORD-559949,2023-10-01,2023-10-03,2,East,Consumer,Online,C-36684,P-2632,Furniture,Tables,3,307.11,0.1293,802.17,575.89,226.28,31.49,0,0.0,4.91,2023,2023-10
ORD-820055,2023-10-08,2023-10-09,1,West,Consumer,Retail,C-65351,P-6002,Furniture,Tables,3,358.53,0.0412,1031.24,720.3,310.94,30.97,0,0.0,3.78,2023,2023-10
ORD-585133,2023-10-10,2023-10-15,5,South,Corporate,Retail,C-79500,P-1790,Technology,Computers,3,884.01,0.0759,2450.77,2065.7,385.08,12.2,0,0.0,4.15,2023,2023-10
ORD-850655,2023-10-16,2023-10-18,2,North,Consumer,Online,C-47866,P-1506,Office Supplies,Binders,2,18.17,0.1515,30.83,21.83,9.0,9.98,0,0.0,4.43,2023,2023-10
ORD-464555,2023-10-20,2023-10-21,1,West,Consumer,Online,C-79688,P-6052,Office Supplies,Paper,8,11.39,0.0281,88.6,64.8,23.8,15.34,0,0.0,3.99,2023,2023-10
ORD-934905,2023-10-20,2023-10-22,2,North,Consumer,Online,C-22619,P-3484,Furniture,Bookcases,8,249.8,0.0744,1849.63,1608.93,240.69,33.27,0,0.0,2.53,2023,2023-10
ORD-473198,2023-10-26,2023-10-29,3,North,Corporate,Retail,C-37187,P-9165,Office Supplies,Paper,3,10.91,0.0635,30.66,22.12,8.54,10.48,0,0.0,3.97,2023,2023-10
ORD-167140,2023-10-30,2023-11-01,2,West,Consumer,Retail,C-31608,P-9034,Furniture,Bookcases,5,286.49,0.0739,1326.56,904.77,421.79,31.39,1,666.69,3.2,2023,2023-10
ORD-975397,2023-10-31,2023-11-04,4,East,Corporate,Online,C-49799,P-8880,Furniture,Chairs,2,188.56,0.0604,354.33,215.5,138.83,28.47,0,0.0,3.24,2023,2023-10
ORD-420776,2023-11-04,2023-11-06,2,West,Corporate,Retail,C-55406,P-6704,Office Supplies,Storage,4,28.55,0.1196,100.53,59.07,41.45,11.84,1,92.34,2.7,2023,2023-11
ORD-568204,2023-11-08,2023-11-15,7,South,Small Business,Online,C-27478,P-1051,Furniture,Chairs,5,181.63,0.1114,806.98,589.76,217.23,31.61,0,0.0,3.26,2023,2023-11
ORD-354685,2023-11-11,2023-11-14,3,North,Corporate,Retail,C-70499,P-7668,Technology,Computers,6,810.37,0.1456,4154.37,3414.5,739.87,14.91,0,0.0,4.44,2023,2023-11
ORD-260701,2023-11-13,2023-11-13,0,East,Consumer,Online,C-46504,P-6730,Office Supplies,Storage,2,34.73,0.0984,62.62,41.49,21.13,10.61,0,0.0,4.19,2023,2023-11
ORD-758652,2023-11-16,2023-11-17,1,South,Consumer,Partner,C-29599,P-4047,Furniture,Tables,2,269.53,0.0691,501.82,360.83,140.99,27.62,0,0.0,5.0,2023,2023-11
ORD-955888,2023-11-20,2023-11-23,3,North,Consumer,Retail,C-57580,P-9156,Furniture,Chairs,1,168.69,0.0631,158.05,106.82,51.23,28.62,0,0.0,4.03,2023,2023-11
ORD-809994,2023-11-22,2023-11-25,3,North,Small Business,Retail,C-89732,P-8804,Office Supplies,Paper,5,11.4,0.0124,56.31,33.9,22.42,11.9,0,0.0,3.71,2023,2023-11
ORD-850567,2023-11-26,2023-12-03,7,South,Small Business,Online,C-17332,P-2724,Technology,Computers,3,855.57,0.0382,2468.54,2016.39,452.15,12.2,0,0.0,3.5,2023,2023-11
ORD-957878,2023-11-30,2023-12-02,2,North,Corporate,Online,C-62734,P-7272,Office Supplies,Paper,3,11.98,0.0631,33.66,22.18,11.48,10.45,0,0.0,4.72,2023,2023-11
ORD-991069,2023-12-03,2023-12-07,4,East,Corporate,Partner,C-44239,P-9175,Office Supplies,Binders,3,15.33,0.1232,40.32,22.71,17.61,11.25,0,0.0,4.47,2023,2023-12
ORD-196242,2023-12-08,2023-12-09,1,South,Corporate,Online,C-20431,P-2746,Technology,Accessories,1,35.26,0.1193,31.05,26.31,4.75,10.93,0,0.0,5.0,2023,2023-12
ORD-629396,2023-12-11,2023-12-13,2,East,Consumer,Retail,C-32459,P-9153,Technology,Computers,2,1032.57,0.0134,2037.44,1710.22,327.22,13.69,0,0.0,4.39,2023,2023-12
ORD-539462,2023-12-12,2023-12-16,4,West,Consumer,Retail,C-45199,P-7666,Furniture,Chairs,3,177.5,0.0855,486.96,393.37,93.59,29.89,0,0.0,4.36,2023,2023-12
ORD-692820,2023-12-19,2023-12-20,1,East,Small Business,Online,C-57142,P-8737,Office Supplies,Binders,4,13.52,0.0315,52.39,39.67,12.71,9.98,0,0.0,4.89,2023,2023-12
ORD-533265,2023-12-20,2023-12-22,2,East,Consumer,Online,C-63036,P-4056,Furniture,Tables,1,336.9,0.0384,323.97,259.34,64.63,27.36,0,0.0,4.95,2023,2023-12
ORD-405373,2023-12-31,2024-01-02,2,West,Corporate,Online,C-61415,P-6300,Furniture,Chairs,2,167.83,0.0649,313.86,237.24,76.62,29.95,0,0.0,3.64,2023,2023-12
ORD-782172,2024-01-23,2024-01-26,3,West,Consumer,Retail,C-77079,P-3676,Technology,Accessories,3,44.54,0.036,128.82,100.47,28.35,12.67,0,0.0,3.54,2024,2024-01
ORD-537193,2024-01-26,2024-01-26,0,North,Corporate,Partner,C-37152,P-7100,Office Supplies,Paper,2,10.01,0.1042,17.93,12.03,5.9,8.58,0,0.0,4.48,2024,2024-01
ORD-974387,2024-01-31,2024-02-07,7,East,Consumer,Online,C-93130,P-8672,Technology,Accessories,2,36.14,0.0832,66.27,50.51,15.76,12.41,0,0.0,3.98,2024,2024-01
ORD-476034,2024-02-02,2024-02-06,4,West,Corporate,Online,C-85281,P-2933,Office Supplies,Binders,4,16.03,0.1451,54.82,34.3,20.52,10.11,0,0.0,4.12,2024,2024-02
ORD-489616,2024-02-02,2024-02-05,3,South,Consumer,Retail,C-93416,P-4293,Technology,Computers,3,900.13,0.0171,2654.16,1986.66,667.5,11.44,0,0.0,4.46,2024,2024-02
ORD-868280,2024-02-09,2024-02-12,3,East,Corporate,Retail,C-67519,P-1386,Technology,Computers,1,785.9,0.1286,684.81,536.07,148.74,13.03,0,0.0,4.23,2024,2024-02
ORD-374583,2024-02-16,2024-02-17,1,East,Consumer,Online,C-29668,P-6721,Office Supplies,Paper,7,11.21,0.0209,76.82,51.39,25.43,12.03,0,0.0,3.65,2024,2024-02
ORD-243376,2024-02-20,2024-02-21,1,East,Consumer,Online,C-53944,P-6077,Office Supplies,Storage,5,32.13,0.0581,151.3,97.57,53.74,10.15,0,0.0,4.19,2024,2024-02
ORD-541759,2024-02-28,2024-03-02,3,West,Consumer,Online,C-10914,P-2998,Technology,Accessories,4,36.6,0.0559,138.23,122.08,16.15,13.05,0,0.0,3.4,2024,2024-02
ORD-512818,2024-03-01,2024-03-04,3,West,Consumer,Online,C-73864,P-1079,Furniture,Tables,4,339.69,0.0876,1239.81,1058.97,180.84,30.42,0,0.0,5.0,2024,2024-03
ORD-626073,2024-03-07,2024-03-14,7,West,Consumer,Online,C-77554,P-7281,Technology,Accessories,4,43.08,0.1144,152.59,129.03,23.56,14.66,0,0.0,3.31,2024,2024-03
ORD-624441,2024-03-08,2024-03-08,0,East,Consumer,Retail,C-66317,P-3494,Technology,Computers,2,922.41,0.1284,1607.99,1265.32,342.67,11.48,0,0.0,4.39,2024,2024-03
ORD-643284,2024-03-09,2024-03-13,4,North,Consumer,Online,C-80267,P-7722,Furniture,Bookcases,1,292.58,0.0503,277.85,197.38,80.46,29.03,0,0.0,4.06,2024,2024-03
ORD-821402,2024-03-09,2024-03-11,2,South,Consumer,Online,C-92093,P-8860,Technology,Computers,4,982.7,0.0709,3652.06,2726.91,925.15,12.41,0,0.0,4.75,2024,2024-03
ORD-842673,2024-03-09,2024-03-16,7,South,Small Business,Online,C-65410,P-1255,Office Supplies,Binders,1,19.38,0.1113,17.22,12.81,4.41,6.88,0,0.0,3.79,2024,2024-03
ORD-541317,2024-03-12,2024-03-16,4,North,Corporate,Retail,C-41080,P-8520,Office Supplies,Paper,4,12.42,0.0422,47.57,29.32,18.25,10.05,0,0.0,3.55,2024,2024-03
ORD-790872,2024-03-12,2024-03-19,7,South,Small Business,Online,C-98233,P-7299,Office Supplies,Paper,4,13.27,0.0796,48.87,33.44,15.42,13.26,0,0.0,4.57,2024,2024-03
ORD-584395,2024-03-13,2024-03-14,1,East,Consumer,Partner,C-18489,P-2421,Office Supplies,Binders,3,19.59,0.0969,53.07,33.7,19.38,11.29,0,0.0,4.21,2024,2024-03
ORD-773923,2024-03-13,2024-03-15,2,West,Consumer,Retail,C-66533,P-1978,Technology,Phones,1,607.49,0.0549,574.15,469.11,105.04,11.33,0,0.0,4.05,2024,2024-03
ORD-910778,2024-03-17,2024-03-20,3,South,Consumer,Retail,C-31579,P-8186,Furniture,Tables,5,364.63,0.0188,1788.8,1296.54,492.26,29.17,0,0.0,4.66,2024,2024-03
ORD-651472,2024-03-19,2024-03-24,5,East,Consumer,Online,C-69819,P-5543,Office Supplies,Paper,4,10.87,0.0377,41.82,28.21,13.61,11.32,0,0.0,3.3,2024,2024-03
ORD-310741,2024-03-21,2024-03-21,0,East,Corporate,Online,C-90375,P-4127,Furniture,Chairs,4,170.29,0.0662,636.03,458.19,177.84,31.58,0,0.0,3.69,2024,2024-03
ORD-950833,2024-04-08,2024-04-11,3,West,Small Business,Online,C-10103,P-1456,Furniture,Tables,2,311.89,0.0794,574.27,395.16,179.12,32.56,0,0.0,3.75,2024,2024-04
ORD-384328,2024-04-09,2024-04-10,1,West,Corporate,Retail,C-10274,P-3627,Office Supplies,Binders,2,15.1,0.0542,28.56,17.18,11.37,9.6,0,0.0,3.51,2024,2024-04
ORD-962666,2024-04-19,2024-04-24,5,West,Consumer,Online,C-13967,P-8242,Furniture,Bookcases,5,253.43,0.0741,1173.24,783.04,390.2,31.47,0,0.0,3.31,2024,2024-04
ORD-806850,2024-04-29,2024-05-03,4,South,Consumer,Online,C-82948,P-8819,Furniture,Bookcases,4,253.12,0.1033,907.89,626.12,281.77,29.48,0,0.0,4.13,2024,2024-04
ORD-490775,2024-05-01,2024-05-03,2,East,Consumer,Online,C-59867,P-3255,Furniture,Chairs,3,183.31,0.0582,517.93,359.75,158.18,28.34,0,0.0,4.26,2024,2024-05
ORD-953143,2024-05-01,2024-05-03,2,North,Small Business,Online,C-16104,P-3869,Technology,Computers,2,971.3,0.141,1668.71,1171.13,497.57,11.46,0,0.0,4.8,2024,2024-05
ORD-327508,2024-05-02,2024-05-04,2,East,Corporate,Retail,C-77466,P-5858,Furniture,Chairs,1,205.72,0.0673,191.88,134.31,57.57,28.69,0,0.0,3.85,2024,2024-05
ORD-425115,2024-05-03,2024-05-13,10,East,Consumer,Online,C-38533,P-6786,Office Supplies,Paper,2,13.52,0.1192,23.82,18.35,5.47,9.48,0,0.0,3.68,2024,2024-05
ORD-811252,2024-05-07,2024-05-09,2,West,Consumer,Partner,C-70735,P-9823,Office Supplies,Paper,3,10.41,0.076,28.86,19.32,9.55,12.01,0,0.0,3.3,2024,2024-05
ORD-285288,2024-05-17,2024-05-22,5,East,Consumer,Online,C-90199,P-3497,Technology,Computers,5,881.43,0.0656,4118.0,3271.93,846.07,18.97,0,0.0,3.87,2024,2024-05
ORD-569944,2024-05-17,2024-05-20,3,North,Corporate,Online,C-54254,P-6478,Furniture,Chairs,2,140.32,0.0747,259.68,196.6,63.08,33.18,0,0.0,5.0,2024,2024-05
ORD-992388,2024-05-20,2024-05-21,1,East,Consumer,Online,C-81103,P-2495,Furniture,Chairs,4,140.51,0.0953,508.48,374.15,134.33,29.36,0,0.0,4.27,2024,2024-05
ORD-633086,2024-05-22,2024-05-29,7,East,Consumer,Online,C-30794,P-2342,Technology,Accessories,5,38.49,0.06,180.89,158.17,22.72,17.27,0,0.0,4.32,2024,2024-05
ORD-628456,2024-05-26,2024-05-30,4,East,Small Business,Retail,C-74896,P-1839,Furniture,Tables,3,370.36,0.0589,1045.68,806.31,239.37,30.35,0,0.0,5.0,2024,2024-05
ORD-612700,2024-05-28,2024-05-30,2,North,Consumer,Retail,C-37418,P-3398,Technology,Phones,3,514.63,0.0832,1415.5,1201.01,214.49,13.53,1,1270.6,3.41,2024,2024-05
ORD-458339,2024-06-09,2024-06-10,1,South,Corporate,Retail,C-18646,P-1492,Furniture,Tables,1,280.04,0.1468,238.93,187.45,51.48,27.18,0,0.0,3.99,2024,2024-06
ORD-487423,2024-06-09,2024-06-09,0,North,Consumer,Online,C-54877,P-2228,Furniture,Chairs,6,170.87,0.0337,990.7,849.24,141.46,37.38,0,0.0,4.08,2024,2024-06
ORD-472494,2024-06-17,2024-06-19,2,West,Corporate,Online,C-19186,P-5421,Technology,Accessories,4,44.75,0.096,161.82,124.66,37.16,15.89,0,0.0,4.32,2024,2024-06
ORD-387353,2024-06-19,2024-06-19,0,South,Consumer,Online,C-39241,P-7716,Office Supplies,Paper,1,13.36,0.0203,13.09,9.26,3.82,7.38,0,0.0,4.23,2024,2024-06
ORD-443670,2024-06-20,2024-06-25,5,North,Corporate,Online,C-94801,P-9831,Office Supplies,Storage,1,35.94,0.0591,33.82,21.84,11.98,7.83,0,0.0,4.14,2024,2024-06
ORD-538200,2024-06-22,2024-06-26,4,West,Consumer,Retail,C-91687,P-4634,Office Supplies,Binders,3,18.62,0.0638,52.29,33.2,19.09,9.05,0,0.0,3.05,2024,2024-06
ORD-518770,2024-06-29,2024-07-01,2,South,Corporate,Retail,C-76518,P-3327,Furniture,Tables,4,322.64,0.0836,1182.67,737.67,445.01,30.61,0,0.0,3.61,2024,2024-06
ORD-659591,2024-06-30,2024-07-07,7,North,Consumer,Online,C-65089,P-2611,Furniture,Bookcases,4,256.24,0.1587,862.26,496.11,366.15,29.75,0,0.0,5.0,2024,2024-06
ORD-792463,2024-06-30,2024-07-02,2,West,Consumer,Retail,C-18287,P-5442,Office Supplies,Paper,2,12.35,0.0158,24.31,13.96,10.35,8.38,0,0.0,4.07,2024,2024-06
ORD-660140,2024-07-04,2024-07-06,2,North,Consumer,Online,C-31313,P-6119,Technology,Phones,4,506.63,0.0513,1922.58,1451.79,470.79,15.31,0,0.0,4.07,2024,2024-07
ORD-488562,2024-07-06,2024-07-10,4,West,Consumer,Online,C-60409,P-5607,Office Supplies,Storage,3,28.96,0.0064,86.33,68.89,17.44,10.21,0,0.0,4.34,2024,2024-07
ORD-627462,2024-07-09,2024-07-13,4,East,Corporate,Retail,C-55942,P-7573,Office Supplies,Binders,3,16.0,0.1014,43.13,28.09,15.04,11.09,0,0.0,4.5,2024,2024-07
ORD-408764,2024-07-10,2024-07-14,4,South,Small Business,Online,C-39050,P-6434,Furniture,Chairs,4,186.35,0.0716,692.08,576.35,115.73,28.75,0,0.0,3.45,2024,2024-07
ORD-548497,2024-07-10,2024-07-15,5,South,Consumer,Online,C-54773,P-2543,Office Supplies,Paper,5,12.97,0.1282,56.53,42.19,14.34,12.11,0,0.0,3.89,2024,2024-07
ORD-760156,2024-07-13,2024-07-20,7,South,Consumer,Online,C-77894,P-8436,Technology,Accessories,3,46.36,0.1494,118.31,81.71,36.6,12.81,0,0.0,3.63,2024,2024-07
ORD-105757,2024-07-15,2024-07-17,2,North,Small Business,Retail,C-89196,P-7280,Furniture,Tables,6,319.51,0.0628,1796.75,1323.37,473.38,31.51,0,0.0,4.17,2024,2024-07
ORD-793330,2024-07-21,2024-07-25,4,West,Consumer,Online,C-94896,P-5565,Office Supplies,Storage,7,32.06,0.035,216.54,124.6,91.94,12.68,0,0.0,4.0,2024,2024-07
ORD-266863,2024-07-26,2024-07-31,5,South,Corporate,Online,C-72148,P-2132,Furniture,Bookcases,3,181.65,0.1111,484.4,314.74,169.66,27.9,0,0.0,2.83,2024,2024-07
ORD-858894,2024-07-27,2024-07-29,2,South,Small Business,Online,C-32197,P-1414,Technology,Computers,3,766.26,0.0771,2121.62,1499.5,622.11,11.57,0,0.0,4.43,2024,2024-07
ORD-617768,2024-07-31,2024-08-03,3,South,Corporate,Online,C-63864,P-8766,Technology,Computers,4,781.53,0.0855,2858.9,1908.14,950.76,13.22,0,0.0,4.03,2024,2024-07
ORD-148935,2024-08-01,2024-08-06,5,South,Consumer,Partner,C-10525,P-1693,Furniture,Tables,3,310.61,0.0974,841.08,594.43,246.65,28.8,0,0.0,2.91,2024,2024-08
ORD-362069,2024-08-01,2024-08-03,2,South,Consumer,Online,C-74506,P-3815,Technology,Phones,4,476.32,0.0342,1840.14,1417.43,422.71,13.06,0,0.0,4.74,2024,2024-08
ORD-247880,2024-08-05,2024-08-05,0,East,Small Business,Online,C-74154,P-1304,Office Supplies,Binders,2,19.71,0.0843,36.09,24.0,12.09,9.0,0,0.0,4.66,2024,2024-08
ORD-461442,2024-08-08,2024-08-11,3,East,Corporate,Online,C-41797,P-1543,Furniture,Chairs,5,157.9,0.1106,702.17,458.5,243.67,31.22,0,0.0,3.85,2024,2024-08
ORD-203580,2024-08-09,2024-08-13,4,South,Corporate,Retail,C-29996,P-7844,Office Supplies,Storage,2,39.36,0.0378,75.75,50.04,25.71,8.21,0,0.0,4.06,2024,2024-08
ORD-207806,2024-08-09,2024-08-12,3,North,Corporate,Online,C-58019,P-8515,Furniture,Tables,1,303.13,0.0804,278.76,191.22,87.54,29.71,0,0.0,4.65,2024,2024-08
ORD-476358,2024-08-11,2024-08-15,4,North,Consumer,Partner,C-75439,P-9683,Technology,Computers,2,723.36,0.0675,1349.05,969.85,379.2,12.82,0,0.0,3.99,2024,2024-08
ORD-727448,2024-08-12,2024-08-22,10,South,Corporate,Retail,C-87785,P-7122,Furniture,Chairs,3,191.67,0.0807,528.62,352.74,175.88,31.65,0,0.0,4.42,2024,2024-08
ORD-340321,2024-08-14,2024-08-15,1,South,Corporate,Online,C-38841,P-1333,Furniture,Chairs,5,161.88,0.1038,725.33,509.55,215.78,29.94,1,583.83,3.48,2024,2024-08
ORD-575244,2024-08-30,2024-09-04,5,South,Consumer,Online,C-20804,P-5457,Furniture,Tables,2,274.68,0.1055,491.4,324.24,167.17,27.46,0,0.0,3.63,2024,2024-08
ORD-499571,2024-09-01,2024-09-04,3,South,Corporate,Online,C-33857,P-8878,Furniture,Bookcases,2,178.65,0.0705,332.12,240.56,91.56,27.95,0,0.0,5.0,2024,2024-09
ORD-329227,2024-09-04,2024-09-07,3,West,Small Business,Retail,C-89193,P-1611,Furniture,Chairs,1,198.29,0.1678,165.02,128.94,36.08,29.64,0,0.0,3.93,2024,2024-09
ORD-778943,2024-09-20,2024-09-23,3,East,Corporate,Retail,C-31953,P-2331,Technology,Phones,3,526.04,0.0792,1453.19,1150.84,302.35,12.94,0,0.0,4.44,2024,2024-09
ORD-172558,2024-09-25,2024-09-26,1,East,Consumer,Online,C-85669,P-3137,Technology,Accessories,3,39.8,0.1232,104.69,85.89,18.8,13.13,0,0.0,4.25,2024,2024-09
ORD-301069,2024-09-25,2024-09-29,4,South,Consumer,Online,C-48911,P-4499,Furniture,Tables,2,283.68,0.0879,517.49,338.92,178.56,30.16,0,0.0,4.84,2024,2024-09
ORD-357632,2024-09-30,2024-10-03,3,South,Corporate,Online,C-65472,P-1955,Office Supplies,Paper,4,12.13,0.0669,45.26,28.58,16.69,10.93,0,0.0,3.51,2024,2024-09
ORD-305446,2024-10-01,2024-10-11,10,East,Consumer,Online,C-58561,P-6390,Technology,Accessories,5,42.17,0.03,204.55,156.76,47.79,13.91,0,0.0,3.94,2024,2024-10
ORD-934104,2024-10-02,2024-10-04,2,North,Corporate,Online,C-53365,P-5769,Technology,Computers,5,899.9,0.1427,3857.52,3537.12,320.4,14.32,0,0.0,4.12,2024,2024-10
ORD-817890,2024-10-09,2024-10-12,3,South,Consumer,Online,C-63334,P-7901,Furniture,Chairs,4,173.88,0.0142,685.65,470.53,215.12,29.66,0,0.0,3.82,2024,2024-10
ORD-669755,2024-10-11,2024-10-15,4,South,Corporate,Retail,C-62045,P-7499,Furniture,Tables,3,364.53,0.0749,1011.68,805.22,206.46,27.75,0,0.0,4.36,2024,2024-10
ORD-110238,2024-10-14,2024-10-19,5,North,Small Business,Retail,C-52016,P-6660,Technology,Phones,3,587.59,0.0525,1670.24,1403.66,266.58,12.27,0,0.0,3.23,2024,2024-10
ORD-775081,2024-10-14,2024-10-17,3,South,Consumer,Retail,C-17283,P-8102,Technology,Phones,2,431.5,0.0269,839.75,683.44,156.31,11.95,0,0.0,3.92,2024,2024-10
ORD-862556,2024-10-15,2024-10-16,1,East,Consumer,Partner,C-65137,P-4833,Technology,Phones,3,432.57,0.0707,1205.96,946.25,259.71,13.12,0,0.0,4.58,2024,2024-10
ORD-911748,2024-10-22,2024-10-29,7,West,Corporate,Retail,C-43760,P-2620,Office Supplies,Paper,5,14.56,0.073,67.47,45.73,21.74,11.91,0,0.0,4.1,2024,2024-10
ORD-178108,2024-11-01,2024-11-05,4,North,Corporate,Online,C-62481,P-2162,Furniture,Chairs,4,162.04,0.0451,618.94,402.51,216.43,29.55,0,0.0,4.51,2024,2024-11
ORD-417202,2024-11-01,2024-11-05,4,North,Consumer,Online,C-40141,P-1481,Office Supplies,Binders,1,14.63,0.0221,14.3,10.21,4.1,9.94,0,0.0,3.63,2024,2024-11
ORD-724474,2024-11-01,2024-11-05,4,East,Small Business,Partner,C-41364,P-4461,Furniture,Chairs,1,144.65,0.101,130.04,89.69,40.35,29.84,0,0.0,3.44,2024,2024-11
ORD-251648,2024-11-02,2024-11-03,1,North,Consumer,Retail,C-62076,P-1104,Office Supplies,Paper,4,12.22,0.0533,46.29,28.14,18.15,12.35,0,0.0,4.2,2024,2024-11
ORD-857859,2024-11-03,2024-11-04,1,South,Consumer,Online,C-61365,P-1727,Office Supplies,Storage,4,33.26,0.0909,120.94,82.49,38.45,11.32,0,0.0,3.42,2024,2024-11
ORD-438438,2024-11-05,2024-11-08,3,East,Consumer,Online,C-95494,P-7184,Technology,Phones,1,567.5,0.0824,520.75,418.96,101.79,13.61,1,490.23,2.86,2024,2024-11
ORD-976546,2024-11-12,2024-11-22,10,West,Corporate,Retail,C-85553,P-6737,Furniture,Bookcases,2,210.92,0.072,391.48,283.85,107.62,33.23,0,0.0,2.91,2024,2024-11
ORD-245477,2024-11-19,2024-11-20,1,East,Corporate,Online,C-56519,P-5214,Office Supplies,Paper,2,10.73,0.1028,19.25,12.24,7.01,9.69,0,0.0,5.0,2024,2024-11
ORD-681502,2024-11-22,2024-11-25,3,West,Corporate,Retail,C-40849,P-9081,Office Supplies,Binders,3,20.65,0.084,56.76,35.05,21.71,9.3,0,0.0,4.68,2024,2024-11
ORD-481436,2024-11-23,2024-11-27,4,South,Corporate,Retail,C-98829,P-4053,Office Supplies,Paper,2,12.48,0.0939,22.62,16.79,5.83,8.45,0,0.0,4.32,2024,2024-11
ORD-459498,2024-11-28,2024-12-01,3,West,Consumer,Retail,C-42136,P-2494,Office Supplies,Binders,2,19.94,0.0589,37.53,23.57,13.96,8.48,0,0.0,5.0,2024,2024-11
ORD-505449,2024-11-29,2024-12-03,4,West,Consumer,Online,C-74869,P-3410,Furniture,Bookcases,2,255.32,0.0651,477.39,350.61,126.78,31.91,0,0.0,4.64,2024,2024-11
ORD-789790,2024-11-30,2024-12-02,2,West,Corporate,Retail,C-58922,P-5980,Furniture,Chairs,8,148.11,0.1387,1020.56,793.61,226.95,33.49,0,0.0,4.22,2024,2024-11
ORD-930562,2024-12-08,2024-12-09,1,East,Consumer,Online,C-43352,P-7101,Office Supplies,Storage,5,41.72,0.1202,183.55,122.71,60.84,10.91,0,0.0,3.6,2024,2024-12
ORD-909371,2024-12-15,2024-12-16,1,South,Consumer,Online,C-18793,P-4978,Office Supplies,Storage,2,34.18,0.0452,65.27,39.92,25.34,9.05,0,0.0,4.42,2024,2024-12
ORD-253968,2024-12-16,2024-12-19,3,North,Corporate,Online,C-49010,P-2784,Furniture,Bookcases,1,238.74,0.1244,209.04,156.34,52.7,30.23,0,0.0,3.14,2024,2024-12
ORD-678713,2024-12-17,2024-12-20,3,South,Consumer,Retail,C-26229,P-9491,Furniture,Bookcases,2,232.02,0.0999,417.69,282.64,135.05,28.4,0,0.0,4.78,2024,2024-12
ORD-115059,2024-12-18,2024-12-23,5,East,Consumer,Online,C-20067,P-2790,Office Supplies,Paper,3,11.48,0.0879,31.42,20.44,10.98,8.87,0,0.0,3.22,2024,2024-12
ORD-855887,2024-12-19,2024-12-22,3,West,Consumer,Online,C-87779,P-4648,Technology,Computers,3,925.85,0.0646,2598.04,2176.13,421.91,14.09,0,0.0,4.45,2024,2024-12
ORD-728057,2024-12-21,2024-12-23,2,West,Consumer,Retail,C-95460,P-1504,Technology,Phones,2,515.38,0.0422,987.26,891.26,96.0,11.38,0,0.0,4.74,2024,2024-12
ORD-102826,2024-12-24,2024-12-29,5,South,Consumer,Retail,C-77428,P-2454,Technology,Phones,5,530.98,0.0398,2549.28,1920.4,628.88,13.21,0,0.0,2.71,2024,2024-12
ORD-808812,2024-12-28,2025-01-07,10,West,Consumer,Retail,C-62571,P-5052,Office Supplies,Paper,3,12.07,0.0214,35.45,21.1,14.35,8.89,0,0.0,3.97,2024,2024-12
ORD-256531,2024-12-29,2024-12-31,2,North,Corporate,Online,C-40926,P-4768,Technology,Phones,5,499.07,0.0735,2311.87,1547.41,764.46,13.78,0,0.0,3.86,2024,2024-12
ORD-787129,2024-12-29,2024-12-30,1,East,Consumer,Retail,C-55791,P-7367,Furniture,Chairs,5,151.6,0.0853,693.37,466.38,226.99,32.37,1,672.4,3.65,2024,2024-12
ORD-211356,2025-01-07,2025-01-10,3,North,Consumer,Retail,C-77525,P-7090,Furniture,Bookcases,3,240.17,0.0897,655.89,440.0,215.89,28.71,1,542.17,3.69,2025,2025-01
ORD-673167,2025-01-16,2025-01-21,5,South,Consumer,Online,C-13435,P-3242,Office Supplies,Binders,5,16.24,0.0731,75.27,48.88,26.39,12.99,0,0.0,3.32,2025,2025-01
ORD-411897,2025-01-21,2025-01-21,0,West,Consumer,Online,C-93242,P-3048,Furniture,Bookcases,3,227.21,0.0691,634.56,435.61,198.94,31.42,0,0.0,4.23,2025,2025-01
ORD-996779,2025-01-22,2025-01-26,4,West,Corporate,Partner,C-98633,P-2423,Office Supplies,Storage,3,33.4,0.1006,90.11,62.7,27.41,10.47,0,0.0,4.33,2025,2025-01
ORD-847051,2025-01-24,2025-01-26,2,East,Consumer,Online,C-86931,P-4196,Furniture,Chairs,1,152.52,0.0508,144.77,105.7,39.07,29.86,0,0.0,3.69,2025,2025-01
ORD-425587,2025-01-31,2025-02-02,2,West,Corporate,Retail,C-93908,P-8668,Technology,Computers,3,881.83,0.089,2409.99,1910.72,499.27,14.86,0,0.0,5.0,2025,2025-01
ORD-298296,2025-02-06,2025-02-09,3,North,Corporate,Online,C-99935,P-1295,Office Supplies,Paper,1,10.53,0.0759,9.74,6.96,2.78,8.06,0,0.0,4.42,2025,2025-02
ORD-979615,2025-02-07,2025-02-12,5,North,Consumer,Retail,C-76256,P-9952,Technology,Computers,5,893.81,0.0291,4338.91,3500.29,838.62,14.96,0,0.0,3.23,2025,2025-02
ORD-164793,2025-02-10,2025-02-14,4,East,Small Business,Online,C-92829,P-5304,Office Supplies,Storage,3,25.94,0.0242,75.95,49.97,25.97,11.36,0,0.0,3.12,2025,2025-02
ORD-922931,2025-02-10,2025-02-10,0,West,Consumer,Online,C-22329,P-2436,Furniture,Chairs,3,160.87,0.0381,464.22,326.97,137.25,29.97,0,0.0,3.34,2025,2025-02
ORD-694818,2025-02-13,2025-02-15,2,South,Consumer,Online,C-59897,P-9694,Technology,Phones,2,554.8,0.0351,1070.7,873.15,197.54,10.78,0,0.0,4.66,2025,2025-02
ORD-320926,2025-02-17,2025-02-18,1,East,Small Business,Online,C-26885,P-5995,Office Supplies,Binders,2,17.79,0.0171,34.97,24.71,10.26,9.89,0,0.0,4.35,2025,2025-02
ORD-381197,2025-02-23,2025-02-24,1,South,Consumer,Online,C-62985,P-1756,Office Supplies,Paper,2,12.3,0.013,24.29,17.45,6.84,7.93,0,0.0,4.59,2025,2025-02
ORD-760932,2025-02-26,2025-02-27,1,East,Consumer,Retail,C-51320,P-3627,Technology,Phones,2,513.97,0.0312,995.84,730.78,265.06,13.05,0,0.0,4.4,2025,2025-02
ORD-710269,2025-02-28,2025-03-07,7,North,Consumer,Retail,C-48387,P-6395,Office Supplies,Binders,5,16.13,0.0374,77.65,45.71,31.94,15.58,0,0.0,3.15,2025,2025-02
ORD-950632,2025-03-01,2025-03-04,3,West,Consumer,Partner,C-42646,P-5238,Office Supplies,Binders,3,12.82,0.0521,36.46,24.03,12.43,9.33,0,0.0,3.7,2025,2025-03
ORD-637889,2025-03-05,2025-03-07,2,North,Consumer,Online,C-27053,P-5287,Office Supplies,Binders,2,17.83,0.0168,35.06,24.39,10.67,8.13,0,0.0,4.87,2025,2025-03
ORD-322488,2025-03-08,2025-03-11,3,East,Corporate,Retail,C-94314,P-7269,Technology,Accessories,3,46.03,0.1346,119.5,79.96,39.54,11.77,0,0.0,5.0,2025,2025-03
ORD-521255,2025-04-03,2025-04-05,2,West,Consumer,Retail,C-25406,P-1303,Office Supplies,Binders,1,16.96,0.0563,16.01,11.59,4.42,9.24,0,0.0,4.4,2025,2025-04
ORD-119309,2025-04-13,2025-04-16,3,South,Consumer,Retail,C-28851,P-9180,Office Supplies,Binders,6,14.49,0.019,85.28,58.13,27.15,13.46,0,0.0,4.58,2025,2025-04
ORD-868456,2025-04-14,2025-04-15,1,North,Small Business,Online,C-85059,P-9851,Furniture,Tables,6,302.29,0.0348,1750.65,1279.44,471.21,34.44,0,0.0,4.99,2025,2025-04
ORD-817198,2025-04-19,2025-04-24,5,North,Corporate,Retail,C-63625,P-7694,Technology,Accessories,4,48.19,0.0546,182.25,142.98,39.27,15.47,1,126.55,3.26,2025,2025-04
ORD-434134,2025-04-24,2025-04-27,3,North,Small Business,Online,C-23316,P-1372,Furniture,Chairs,1,164.6,0.0644,154.0,95.6,58.4,28.34,0,0.0,4.2,2025,2025-04
ORD-249037,2025-04-28,2025-05-02,4,East,Consumer,Online,C-13484,P-9891,Office Supplies,Storage,2,41.82,0.0235,81.68,46.81,34.87,7.86,0,0.0,4.04,2025,2025-04
ORD-268338,2025-04-30,2025-05-03,3,South,Corporate,Partner,C-35025,P-5504,Technology,Accessories,2,42.39,0.2015,67.7,52.63,15.07,11.49,1,50.43,3.62,2025,2025-04
ORD-257303,2025-05-01,2025-05-11,10,East,Consumer,Online,C-57762,P-7778,Furniture,Tables,2,297.17,0.0344,573.89,362.45,211.44,28.16,0,0.0,3.7,2025,2025-05
ORD-543278,2025-05-07,2025-05-08,1,West,Small Business,Retail,C-93346,P-3324,Technology,Computers,2,714.42,0.1377,1232.02,930.56,301.46,11.69,0,0.0,5.0,2025,2025-05
ORD-902347,2025-05-13,2025-05-15,2,North,Corporate,Online,C-26292,P-2115,Technology,Accessories,4,41.24,0.1189,145.35,98.8,46.55,13.03,0,0.0,3.44,2025,2025-05
ORD-981629,2025-05-25,2025-05-26,1,South,Consumer,Retail,C-60713,P-3591,Technology,Accessories,5,42.9,0.0549,202.74,175.54,27.21,14.64,0,0.0,4.99,2025,2025-05
ORD-260570,2025-06-15,2025-06-19,4,West,Consumer,Retail,C-25482,P-1585,Technology,Computers,3,945.64,0.0317,2746.93,2108.96,637.97,12.77,0,0.0,4.45,2025,2025-06
ORD-340414,2025-06-16,2025-06-19,3,North,Consumer,Online,C-73060,P-6930,Office Supplies,Paper,4,11.76,0.0303,45.61,32.31,13.31,9.72,0,0.0,4.23,2025,2025-06
ORD-667893,2025-06-17,2025-06-20,3,South,Corporate,Partner,C-94804,P-1007,Technology,Accessories,2,42.71,0.1027,76.65,58.34,18.31,10.96,0,0.0,4.59,2025,2025-06
ORD-840403,2025-06-23,2025-06-27,4,North,Consumer,Online,C-90699,P-5182,Office Supplies,Storage,3,27.06,0.036,78.24,53.02,25.22,10.83,0,0.0,4.65,2025,2025-06
ORD-298953,2025-06-26,2025-06-28,2,South,Small Business,Retail,C-37690,P-6197,Technology,Accessories,3,40.9,0.0236,119.81,91.11,28.69,12.01,0,0.0,4.87,2025,2025-06
ORD-293316,2025-06-29,2025-07-03,4,North,Corporate,Retail,C-68330,P-9759,Technology,Accessories,5,47.03,0.1383,202.62,179.71,22.91,14.93,0,0.0,5.0,2025,2025-06
ORD-542349,2025-07-02,2025-07-02,0,West,Corporate,Online,C-22902,P-3456,Technology,Accessories,6,48.8,0.0527,277.38,211.65,65.74,14.87,0,0.0,3.76,2025,2025-07
ORD-573350,2025-07-03,2025-07-08,5,South,Corporate,Retail,C-66989,P-1986,Furniture,Bookcases,2,250.91,0.0811,461.12,317.48,143.65,27.99,0,0.0,4.13,2025,2025-07
ORD-296570,2025-07-07,2025-07-10,3,South,Consumer,Partner,C-59583,P-3892,Technology,Computers,3,859.16,0.0707,2395.37,1843.18,552.2,11.91,0,0.0,3.71,2025,2025-07
ORD-967828,2025-07-08,2025-07-15,7,North,Corporate,Online,C-70833,P-9824,Furniture,Bookcases,3,198.09,0.0947,537.97,342.84,195.12,30.09,0,0.0,3.19,2025,2025-07
ORD-976443,2025-07-08,2025-07-08,0,West,Consumer,Online,C-46066,P-3554,Office Supplies,Binders,2,15.27,0.0878,27.85,16.89,10.97,10.09,0,0.0,4.46,2025,2025-07
ORD-524874,2025-07-11,2025-07-14,3,South,Small Business,Online,C-46118,P-2150,Technology,Computers,1,1030.45,0.0741,954.09,839.84,114.24,12.53,0,0.0,3.71,2025,2025-07
ORD-100236,2025-08-05,2025-08-10,5,South,Consumer,Online,C-67449,P-8662,Office Supplies,Paper,2,11.99,0.0813,22.03,14.69,7.34,9.74,0,0.0,5.0,2025,2025-08
ORD-659006,2025-08-05,2025-08-07,2,North,Corporate,Online,C-53158,P-3731,Office Supplies,Binders,2,13.16,0.0425,25.2,19.34,5.86,9.09,0,0.0,4.72,2025,2025-08
ORD-139941,2025-08-08,2025-08-09,1,West,Consumer,Online,C-42342,P-8393,Furniture,Chairs,2,163.18,0.0904,296.86,222.91,73.95,30.11,0,0.0,4.02,2025,2025-08
ORD-423029,2025-08-09,2025-08-13,4,West,Corporate,Partner,C-67010,P-6232,Furniture,Tables,3,257.72,0.1111,687.26,464.8,222.46,29.85,0,0.0,3.93,2025,2025-08
ORD-398213,2025-08-10,2025-08-11,1,West,Corporate,Retail,C-53920,P-7932,Furniture,Tables,2,327.39,0.0456,624.9,425.29,199.61,33.71,0,0.0,3.48,2025,2025-08
ORD-758616,2025-08-10,2025-08-12,2,East,Consumer,Partner,C-53615,P-8411,Technology,Accessories,4,43.65,0.1353,151.0,114.0,36.99,13.51,0,0.0,4.13,2025,2025-08
ORD-926423,2025-08-14,2025-08-21,7,East,Consumer,Online,C-88697,P-7041,Office Supplies,Paper,4,12.07,0.0581,45.46,31.52,13.95,13.32,0,0.0,4.21,2025,2025-08
ORD-429085,2025-09-03,2025-09-07,4,North,Consumer,Online,C-28167,P-4074,Furniture,Chairs,6,198.56,0.0456,1137.05,944.92,192.13,31.16,0,0.0,3.79,2025,2025-09
ORD-953172,2025-09-03,2025-09-06,3,South,Consumer,Online,C-60843,P-7570,Technology,Phones,4,511.1,0.021,2001.48,1364.18,637.3,13.08,0,0.0,4.08,2025,2025-09
ORD-605385,2025-09-04,2025-09-06,2,South,Consumer,Partner,C-45221,P-7711,Furniture,Tables,8,366.82,0.0582,2763.7,1901.68,862.03,31.4,0,0.0,4.28,2025,2025-09
ORD-348649,2025-09-15,2025-09-17,2,East,Consumer,Online,C-29887,P-6656,Furniture,Bookcases,2,190.59,0.0385,366.5,304.31,62.19,27.24,0,0.0,3.15,2025,2025-09
ORD-514807,2025-09-16,2025-09-16,0,South,Consumer,Online,C-72989,P-4918,Furniture,Chairs,1,163.55,0.0403,156.95,122.51,34.45,26.34,1,106.94,4.17,2025,2025-09
ORD-736538,2025-09-19,2025-09-20,1,North,Consumer,Online,C-33893,P-2350,Office Supplies,Storage,2,33.12,0.0196,64.94,44.47,20.47,9.14,0,0.0,2.88,2025,2025-09
ORD-283820,2025-09-27,2025-10-02,5,North,Corporate,Retail,C-22983,P-8129,Furniture,Chairs,3,149.34,0.0848,410.03,290.2,119.83,32.31,0,0.0,4.39,2025,2025-09
ORD-100180,2025-10-01,2025-10-03,2,North,Small Business,Partner,C-84844,P-1748,Furniture,Bookcases,2,234.2,0.0803,430.78,335.09,95.69,28.13,0,0.0,3.88,2025,2025-10
ORD-527615,2025-10-04,2025-10-07,3,West,Corporate,Retail,C-53530,P-8172,Office Supplies,Paper,3,11.95,0.2338,27.46,17.96,9.5,9.56,0,0.0,4.21,2025,2025-10
ORD-350280,2025-10-06,2025-10-09,3,North,Consumer,Retail,C-72561,P-7032,Technology,Computers,4,864.09,0.0241,3373.14,3036.76,336.38,13.24,0,0.0,3.38,2025,2025-10
ORD-604029,2025-10-08,2025-10-12,4,West,Consumer,Online,C-27572,P-2582,Office Supplies,Paper,2,12.37,0.0434,23.67,13.15,10.52,8.87,0,0.0,4.24,2025,2025-10
ORD-833612,2025-10-09,2025-10-12,3,North,Small Business,Online,C-67254,P-9410,Technology,Computers,5,762.6,0.0147,3756.96,3303.69,453.27,14.84,0,0.0,4.47,2025,2025-10
ORD-561839,2025-10-15,2025-10-25,10,North,Consumer,Online,C-41381,P-5577,Office Supplies,Paper,1,7.83,0.1093,6.98,5.36,1.61,7.62,0,0.0,3.46,2025,2025-10
ORD-895841,2025-10-20,2025-10-23,3,North,Small Business,Online,C-39570,P-3529,Office Supplies,Storage,4,29.19,0.0462,111.35,79.78,31.58,10.81,0,0.0,3.73,2025,2025-10
ORD-566859,2025-10-22,2025-10-29,7,West,Consumer,Retail,C-50319,P-8194,Furniture,Chairs,2,209.03,0.0368,402.7,267.57,135.13,29.85,0,0.0,3.13,2025,2025-10
ORD-989710,2025-10-24,2025-10-28,4,South,Small Business,Online,C-69234,P-5202,Furniture,Tables,3,308.41,0.0474,881.41,672.92,208.49,29.02,0,0.0,4.32,2025,2025-10
ORD-889711,2025-10-29,2025-11-01,3,West,Consumer,Online,C-18712,P-2747,Office Supplies,Binders,3,17.51,0.0297,50.97,32.87,18.1,9.65,0,0.0,4.23,2025,2025-10
ORD-930390,2025-11-03,2025-11-05,2,South,Consumer,Partner,C-19159,P-7623,Technology,Computers,1,885.77,0.1025,794.97,669.04,125.93,14.31,0,0.0,2.81,2025,2025-11
ORD-838527,2025-11-09,2025-11-19,10,West,Corporate,Retail,C-65214,P-6042,Technology,Accessories,2,48.74,0.0984,87.88,76.64,11.24,12.46,0,0.0,3.98,2025,2025-11
ORD-310507,2025-11-11,2025-11-14,3,East,Corporate,Online,C-36425,P-2527,Office Supplies,Binders,2,20.5,0.0942,37.14,24.39,12.74,13.2,0,0.0,4.76,2025,2025-11
ORD-500155,2025-11-26,2025-11-29,3,East,Consumer,Online,C-49115,P-4114,Office Supplies,Storage,2,30.31,0.122,53.22,37.07,16.15,9.23,0,0.0,4.54,2025,2025-11
ORD-550304,2025-12-09,2025-12-14,5,East,Consumer,Online,C-38640,P-8793,Office Supplies,Paper,3,10.1,0.112,26.91,18.0,8.91,11.71,0,0.0,4.07,2025,2025-12
ORD-943281,2025-12-09,2025-12-13,4,North,Consumer,Online,C-65112,P-1357,Office Supplies,Binders,3,16.11,0.0445,46.17,30.95,15.22,10.2,0,0.0,3.14,2025,2025-12
ORD-217167,2025-12-10,2025-12-12,2,West,Corporate,Online,C-31725,P-8833,Technology,Phones,1,444.73,0.1116,395.08,294.56,100.53,11.19,0,0.0,2.27,2025,2025-12
ORD-939381,2025-12-11,2025-12-13,2,North,Consumer,Online,C-26846,P-7197,Office Supplies,Storage,3,28.04,0.058,79.24,49.02,30.22,9.79,0,0.0,4.32,2025,2025-12
ORD-819114,2025-12-19,2025-12-21,2,North,Corporate,Online,C-41581,P-9934,Technology,Computers,4,1032.55,0.0572,3893.99,2924.45,969.53,14.81,1,2403.81,3.54,2025,2025-12
ORD-811293,2025-12-26,2025-12-29,3,North,Corporate,Retail,C-63956,P-1445,Furniture,Bookcases,3,234.51,0.0828,645.3,488.13,157.18,29.5,0,0.0,5.0,2025,2025-12
ORD-616558,2025-12-29,2025-12-30,1,North,Corporate,Retail,C-87079,P-8278,Furniture,Bookcases,3,246.81,0.0619,694.59,513.32,181.27,29.56,0,0.0,3.97,2025,2025-12
